-- Data Population

INSERT INTO "Make" (make) VALUES
('Audi'),
('BMW'),
('Chevrolet'),
('Citroen'),
('Citroën'),
('Cupra'),
('Dacia'),
('Fiat'),
('Ford'),
('Honda'),
('Hyundai'),
('Kia'),
('MINI'),
('Mazda'),
('Mercedes'),
('Mitsubishi'),
('Nissan'),
('Opel'),
('Peugeot'),
('Polestar'),
('Porsche'),
('Renault'),
('Seat'),
('Skoda'),
('Smart'),
('Suzuki'),
('Tesla'),
('Toyota'),
('VW'),
('Volvo');

INSERT INTO "Model" (make_id, model, id) VALUES
(1, '100', 1),
(1, 'A3', 2),
(1, 'A6', 3),
(1, 'A8', 4),
(1, 'Q4 e-tron', 5),
(1, 'SQ6 e-tron quattro', 6),
(1, 'e-tron', 7),
(2, '320Ci', 8),
(2, '320d', 9),
(2, 'i5 eDrive40', 10),
(2, 'iX xDrive40 M-Sport', 11),
(3, 'Matiz', 12),
(3, 'Spark', 13),
(4, 'C1', 14),
(4, 'C3', 15),
(4, 'C4 Cactus', 16),
(4, 'Grand C4 Picasso', 17),
(5, 'C1 1,0i Attraction', 18),
(5, 'C3', 19),
(5, 'C4 Picasso', 20),
(6, 'Born', 21),
(7, 'Duster', 22),
(7, 'Sandero', 23),
(8, 'Croma', 24),
(8, 'Panda', 25),
(8, 'Punto', 26),
(9, 'C-MAX', 27),
(9, 'Capri', 28),
(9, 'Fiesta', 29),
(9, 'Focus', 30),
(9, 'Mondeo', 31),
(9, 'Mustang Mach-E', 32),
(10, 'CR-V', 33),
(11, 'Ioniq', 34),
(11, 'Kona', 35),
(11, 'i10', 36),
(11, 'i20', 37),
(11, 'i30', 38),
(12, 'Carnival', 39),
(12, 'Niro', 40),
(12, 'Picanto', 41),
(12, 'Rio', 42),
(12, 'Sportage', 43),
(12, 'Venga', 44),
(12, 'XCeed', 45),
(13, 'Cooper SE', 46),
(14, '2', 47),
(15, 'CLA200 d', 48),
(15, 'E220 d', 49),
(15, 'E250', 50),
(15, 'E300 de', 51),
(15, 'E350 d', 52),
(15, 'EQA250 Progressive', 53),
(15, 'EQC400 AMG Line 4Matic', 54),
(15, 'EQV300 Avantgarde L', 55),
(16, 'Colt', 56),
(16, 'Lancer', 57),
(17, 'Qashqai', 58),
(18, 'Astra', 59),
(18, 'Corsa', 60),
(18, 'Corsa-e', 61),
(18, 'Insignia', 62),
(18, 'Meriva', 63),
(18, 'Mokka', 64),
(18, 'Mokka-e', 65),
(18, 'Zafira', 66),
(19, '107', 67),
(19, '206', 68),
(19, '207', 69),
(19, '208', 70),
(19, '307', 71),
(19, '308', 72),
(19, 'e-208', 73),
(20, '2', 74),
(21, 'Cayman', 75),
(21, 'Macan', 76),
(22, 'Captur', 77),
(22, 'Clio III', 78),
(22, 'Clio IV', 79),
(22, 'Grand Scenic I', 80),
(22, 'Grand Scenic III', 81),
(22, 'Laguna II', 82),
(22, 'Megane IV', 83),
(22, 'Scenic E-Tech', 84),
(22, 'Twingo', 85),
(23, 'Arona', 86),
(23, 'Ibiza', 87),
(23, 'Mii', 88),
(23, 'Tarraco', 89),
(24, 'Citigo', 90),
(24, 'Enyaq', 91),
(24, 'Kamiq', 92),
(24, 'Kodiaq', 93),
(24, 'Octavia', 94),
(24, 'Superb', 95),
(25, 'Fortwo Coupé', 96),
(25, 'Fortwo EQ', 97),
(26, 'Ignis', 98),
(26, 'S-Cross', 99),
(26, 'Splash', 100),
(26, 'Swift', 101),
(27, 'Model Y RWD', 102),
(28, 'Aygo', 103),
(28, 'C-HR', 104),
(28, 'Corolla', 105),
(28, 'RAV4', 106),
(28, 'Yaris', 107),
(29, 'Andre', 108),
(29, 'Arteon', 109),
(29, 'Fox', 110),
(29, 'Golf IV', 111),
(29, 'Golf Plus', 112),
(29, 'Golf VII', 113),
(29, 'ID.3', 114),
(29, 'ID.4', 115),
(29, 'ID.7', 116),
(29, 'Lupo', 117),
(29, 'Passat', 118),
(29, 'Polo', 119),
(29, 'Polo Cross', 120),
(29, 'T-Roc', 121),
(29, 'Tiguan', 122),
(29, 'Touran', 123),
(29, 'UP!', 124),
(29, 'Up!', 125),
(29, 'e-Up!', 126),
(30, 'EX30 Extended Range Ultra', 127),
(30, 'S80', 128),
(30, 'V60', 129),
(30, 'V70', 130);

INSERT INTO "Feature" (name, id) VALUES
('10 airbags', 1),
('15 inch alloy wheels', 2),
('16 inch alloy wheels', 3),
('17 inch alloy wheels', 4),
('18 inch alloy wheels', 5),
('19 inch alloy wheels', 6),
('2-zone climate control', 7),
('20 inch alloy wheels', 8),
('21 inch alloy wheels', 9),
('3 individual rear seats', 10),
('3-zone climate control', 11),
('360 degree camera', 12),
('4 airbags', 13),
('4-zone climate control', 14),
('4x electric windows', 15),
('6 airbags', 16),
('6-seater', 17),
('7 airbags', 18),
('7-seater', 19),
('8 airbags', 20),
('9 airbags', 21),
('ABS brakes', 22),
('AUX connection', 23),
('Adaptive cruise control', 24),
('Adaptive cruise control with traffic jam assist', 25),
('Adaptive headlights', 26),
('Air conditioning', 27),
('Airbags', 28),
('Alarm', 29),
('Alcantara upholstery', 30),
('Alloy wheels', 31),
('Ambient lighting', 32),
('Android Auto', 33),
('Apple CarPlay', 34),
('Auto-dimming rearview mirror', 35),
('Automatic lights', 36),
('Automatic start/stop', 37),
('Automatic transmission', 38),
('CD/radio', 39),
('Detachable towbar', 40),
('Electric windows', 41),
('Registration number', 42),
('Traction control', 43);

INSERT INTO "BodyType" (body_type, id) VALUES
('Andet', 1),
('CUV', 2),
('Cabriolet', 3),
('Coupe', 4),
('Coupé', 5),
('Halvkombi', 6),
('Hatchback 3-dørs', 7),
('Hatchback 5-dørs', 8),
('Kassevogn', 9),
('MPV', 10),
('Mikro', 11),
('SUV', 12),
('Sedan', 13),
('St.car', 14),
('Stationcar', 15);

INSERT INTO "CarLocation" (car_location, id) VALUES
('Danmark', 1);

INSERT INTO "Category" (category, id) VALUES
('Personbil', 1);

INSERT INTO "Color" (color, id) VALUES
('-', 1),
('Beige', 2),
('Blå', 3),
('Blåmetal', 4),
('Brun', 5),
('Brunmetal', 6),
('Champagnemetal', 7),
('Grå', 8),
('Gråmetal', 9),
('Grøn', 10),
('Grønmetal', 11),
('Hvid', 12),
('Hvidmetal', 13),
('Koks', 14),
('Koksmetal', 15),
('Lysgrønmetal', 16),
('Mørkblåmetal', 17),
('Mørkrødmetal', 18),
('Rød', 19),
('Rødmetal', 20),
('Sort', 21),
('Sortmetal', 22),
('Sølv', 23),
('Sølvmetal', 24);

INSERT INTO "DriveTrain" (drivetrain, id) VALUES
('Baghjulstræk', 1),
('Firehjulstræk', 2),
('Forhjulstræk', 3);

INSERT INTO "FuelType" (fuel_type, id) VALUES
('Benzin', 1),
('Diesel', 2),
('El', 3),
('Hybrid (Benzin + El)', 4),
('Hybrid benzin', 5),
('Plug-in Benzin', 6),
('Plug-in hybrid Benzin', 7),
('Plug-in hybrid Diesel', 8);

INSERT INTO "InteriorColor" (interior_color, id) VALUES
('Alcantara', 1),
('Beige', 2),
('Blå', 3),
('Del læder', 4),
('Grå', 5),
('Hrå', 6),
('Kunst dellæder / Stof', 7),
('Lys grå', 8),
('Mørk flerfarvet', 9),
('Mørk grå', 10),
('Sort', 11),
('Sort loft og sæder', 12),
('Sort/grå', 13),
('sort', 14),
('sort læder', 15);

INSERT INTO "ListingType" (listing_type, id) VALUES
('Brugtbil til salg', 1);

INSERT INTO "Source" (source, id) VALUES
('bilbasen', 1),
('dba', 2);

INSERT INTO "TransmissionType" (transmission_type, id) VALUES
('Automatisk', 1),
('Manuel', 2),
('Manuelt', 3);

INSERT INTO "Car" (id, make_id, model_id, fuel_type_id, body_type_id, color_id, transmission_type_id, drivetrain_id, listing_type_id, category_id, interior_color_id, car_location_id, source_id, source, name, price, description, url, first_registration, mileage, model_year, engine_displacement, power, top_speed, acceleration, fuel_consumption, co2_emission, euro_standard, weight, towing_weight, doors, seats, periodic_tax, vin, trunk_size, width, battery_capacity, range, energy_consumption, dc_charging_time_10_80_percent, fast_charging_dc, home_charging_ac, next_inspection_date, latest_inspection_date, number_of_gears, number_of_owners, new_price, manufactured, color_description) VALUES
(1, 1, 6, 3, 12, 8, NULL, NULL, NULL, 1, NULL, NULL, 1, 'bilbasen', 'Audi SQ6 e-tron quattro 5d', 899900, '', '', '3/2025', 5640, 2024, NULL, '490 hk/855 nm', '230 km/t', '4,3 sek.', NULL, NULL, NULL, '2.425 kg', '2.400 kg', NULL, NULL, '840 kr. / år', NULL, '514 liter', '194 cm', '94,9 kWh', '(WLTP) 573 km', '182 Wh/km', '21 min', '270 kW', '11,0 kW', NULL, NULL, NULL, NULL, '945.611 kr.', NULL, NULL),
(2, 17, 58, 1, 2, 1, 2, NULL, NULL, 1, NULL, NULL, 1, 'bilbasen', 'Nissan Qashqai 1,2 Dig-T 115 Tekna 5d', 104900, '', '', '1/2015', 139000, 2015, NULL, '115 hk/190 nm', '183 km/t', '11,3 sek.', '(NEDC) 17,9 km/l', '128 g/km', '-', '1.250 kg', '1.200 kg', NULL, NULL, '2.340 kr. / år', NULL, '-', '181 cm', NULL, NULL, NULL, NULL, NULL, NULL, NULL, NULL, 6, NULL, '356.901 kr.', NULL, NULL),
(3, 7, 22, 1, 2, 1, 2, NULL, NULL, 1, NULL, NULL, 1, 'bilbasen', 'Dacia Duster 1,0 TCe 90 Prestige 5d', 144900, '', '', '10/2021', 87000, 2021, NULL, '90 hk/160 nm', '166 km/t', '13,1 sek.', '(WLTP) 16,1 km/l', '140 g/km', '-', '1.200 kg', '1.500 kg', NULL, NULL, '1.460 kr. / år', NULL, '478 liter', '180 cm', NULL, NULL, NULL, NULL, NULL, NULL, NULL, NULL, 6, NULL, '186.412 kr.', NULL, NULL),
(4, 30, 128, 2, 13, 24, 1, NULL, NULL, 1, NULL, NULL, 1, 'bilbasen', 'Volvo S80 2,4 D5 Summum aut. 4d', 39500, '', '', '10/2006', 522000, 2006, NULL, '185 hk/400 nm', '225 km/t', '9,0 sek.', '(NEDC) 13,7 km/l', '193 g/km', '-', '1.562 kg', '2.000 kg', NULL, NULL, '10.540 kr. / år', NULL, '-', '186 cm', NULL, NULL, NULL, NULL, NULL, NULL, NULL, NULL, 6, NULL, '801.896 kr.', NULL, NULL),
(5, 15, 51, 8, 14, 24, 1, NULL, NULL, 1, NULL, NULL, 1, 'bilbasen', 'Mercedes E300 de 2,0 Avantgarde stc. aut. 5d', 249900, '', '', '5/2019', 300000, 2019, NULL, '306 hk/700 nm', '250 km/t', '6,0 sek.', '(NEDC) 27,0 km/l', '43 g/km', '-', '2.040 kg', '2.100 kg', NULL, NULL, '1.260 kr. / år', NULL, '480 liter', '185 cm', '10,0 kWh', '(NEDC) 52 km', '-', '-', '-', '-', NULL, NULL, 9, NULL, '-', NULL, NULL),
(6, 9, 28, 3, 2, 9, NULL, NULL, NULL, 1, NULL, NULL, 1, 'bilbasen', 'Ford Capri 82 Premium Extended Range 5d', 339900, '', '', '10/2024', 22000, 2025, NULL, '286 hk/545 nm', '180 km/t', '6,4 sek.', NULL, NULL, NULL, '2.098 kg', '-', NULL, NULL, '840 kr. / år', NULL, '572 liter', '187 cm', '77,0 kWh', '(WLTP) 598 km', '140 Wh/km', '-', '-', '-', NULL, NULL, NULL, NULL, '355.510 kr.', NULL, NULL),
(7, NULL, NULL, 3, 6, 13, NULL, NULL, NULL, 1, NULL, NULL, 1, 'bilbasen', 'Polestar 2 Long Range 5d', 234600, '', '', '6/2023', 44000, 2022, NULL, '231 hk/330 nm', '160 km/t', '7,4 sek.', NULL, NULL, NULL, '2.069 kg', '1.500 kg', NULL, NULL, '840 kr. / år', NULL, '405 liter', '180 cm', '78,0 kWh', '(WLTP) 540 km', '171 Wh/km', '31 min', '149 kW', '11,0 kW', NULL, NULL, NULL, NULL, '371.420 kr.', NULL, NULL),
(8, 18, 59, 1, 14, 13, 2, NULL, NULL, 1, NULL, NULL, 1, 'bilbasen', 'Opel Astra 1,2 T 110 Edition Sports Tourer 5d', 134400, '', '', '6/2021', 67000, 2021, NULL, '110 hk/195 nm', '200 km/t', '10,6 sek.', '(WLTP) 18,8 km/l', '120 g/km', '-', '1.255 kg', '1.100 kg', NULL, NULL, '1.360 kr. / år', NULL, '540 liter', '181 cm', NULL, NULL, NULL, NULL, NULL, NULL, NULL, NULL, 6, NULL, '195.911 kr.', NULL, NULL),
(9, 9, 27, 2, 10, 1, 2, NULL, NULL, 1, NULL, NULL, 1, 'bilbasen', 'Ford C-MAX 1,6 TDCi 115 Titanium 5d', 59900, '', '', '2/2012', 196000, 2012, NULL, '115 hk/270 nm', '184 km/t', '11,3 sek.', '(NEDC) 22,7 km/l', '117 g/km', '-', '1.290 kg', '1.200 kg', NULL, NULL, '2.840 kr. / år', NULL, '-', '183 cm', NULL, NULL, NULL, NULL, NULL, NULL, NULL, NULL, 6, NULL, '329.397 kr.', NULL, NULL),
(10, 29, 119, 1, 6, 12, 1, NULL, NULL, 1, NULL, NULL, 1, 'bilbasen', 'VW Polo 2,0 GTi DSG 5d', 289900, '', '', '4/2022', 32500, 2022, NULL, '207 hk/320 nm', '240 km/t', '6,5 sek.', '(NEDC) 17,5 km/l', '156 g/km', '-', '1.361 kg', '1.200 kg', NULL, NULL, '2.220 kr. / år', NULL, '355 liter', '175 cm', NULL, NULL, NULL, NULL, NULL, NULL, NULL, NULL, 7, NULL, '315.816 kr.', NULL, NULL),
(11, 18, 63, 1, 10, 8, 2, NULL, NULL, 1, NULL, NULL, 1, 'bilbasen', 'Opel Meriva 1,4 Enjoy 5d', 54990, '', '', '4/2014', 141000, 2014, NULL, '100 hk/130 nm', '177 km/t', '13,9 sek.', '(NEDC) 17,9 km/l', '128 g/km', '-', '1.393 kg', '700 kg', NULL, NULL, '2.340 kr. / år', NULL, '-', '181 cm', NULL, NULL, NULL, NULL, NULL, NULL, NULL, NULL, 5, NULL, '231.902 kr.', NULL, NULL),
(12, NULL, NULL, 3, 6, 21, NULL, NULL, NULL, 1, NULL, NULL, 1, 'bilbasen', 'Polestar 2 Long Range AWD 5d', 344900, '', '', '7/2025', 50, 2025, NULL, '421 hk/740 nm', '205 km/t', '4,5 sek.', NULL, NULL, NULL, '2.010 kg', '1.500 kg', NULL, NULL, '840 kr. / år', NULL, '405 liter', '186 cm', '82,0 kWh', '(WLTP) 595 km', '159 Wh/km', '-', '-', '-', NULL, NULL, NULL, NULL, '435.520 kr.', NULL, NULL),
(13, 11, 34, 3, 6, 12, NULL, NULL, NULL, 1, NULL, NULL, 1, 'bilbasen', 'Hyundai Ioniq 5 73 Dynamiq 5d', 224800, '', '', '8/2022', 34408, 2022, NULL, '217 hk/350 nm', '185 km/t', '7,4 sek.', NULL, NULL, NULL, '1.885 kg', '1.600 kg', NULL, NULL, '840 kr. / år', NULL, '527 liter', '189 cm', '70,0 kWh', '(WLTP) 481 km', '168 Wh/km', '17 min', '213 kW', '11,0 kW', NULL, NULL, NULL, NULL, '-', NULL, NULL),
(14, 9, 30, 1, 14, 22, 2, NULL, NULL, 1, NULL, NULL, 1, 'bilbasen', 'Ford Focus 1,0 SCTi 125 Titanium stc. 5d', 99800, '', '', '8/2018', 114000, 2018, NULL, '125 hk/170 nm', '193 km/t', '11,2 sek.', '(NEDC) 20,8 km/l', '111 g/km', '-', '1.218 kg', '1.200 kg', NULL, NULL, '1.460 kr. / år', NULL, '490 liter', '182 cm', NULL, NULL, NULL, NULL, NULL, NULL, NULL, NULL, 6, NULL, '261.981 kr.', NULL, NULL),
(15, 24, 93, 2, 12, 13, 1, NULL, NULL, 1, NULL, NULL, 1, 'bilbasen', 'Skoda Kodiaq 2,0 TDi 150 Style DSG 5d', 249900, '', '', '7/2020', 190000, 2020, NULL, '150 hk/340 nm', '199 km/t', '10,1 sek.', '(NEDC) 22,4 km/l', '119 g/km', '-', '1.592 kg', '2.000 kg', NULL, NULL, '4.420 kr. / år', NULL, '650 liter', '188 cm', NULL, NULL, NULL, NULL, NULL, NULL, NULL, NULL, 7, NULL, '428.915 kr.', NULL, NULL),
(16, 23, 86, 1, 2, 22, 1, NULL, NULL, 1, NULL, NULL, 1, 'bilbasen', 'Seat Arona 1,0 TSi 110 Xcellence DSG 5d', 174900, '', '', '11/2020', 64000, 2021, NULL, '110 hk/200 nm', '190 km/t', '10,0 sek.', '(WLTP) 16,9 km/l', '120 g/km', '-', '1.115 kg', '1.100 kg', NULL, NULL, '1.360 kr. / år', NULL, '400 liter', '178 cm', NULL, NULL, NULL, NULL, NULL, NULL, NULL, NULL, 7, NULL, '241.811 kr.', '11/2020', NULL),
(17, 23, 87, 1, 14, 1, 2, NULL, NULL, 1, NULL, NULL, 1, 'bilbasen', 'Seat Ibiza 1,4 16V Reference ST 5d', 21900, '', '', '3/2010', 200000, 2010, NULL, '85 hk/132 nm', '177 km/t', '12,4 sek.', '(NEDC) 16,7 km/l', '136 g/km', '-', '1.030 kg', '1.000 kg', NULL, NULL, '2.340 kr. / år', NULL, '-', '169 cm', NULL, NULL, NULL, NULL, NULL, NULL, NULL, NULL, 5, NULL, '163.899 kr.', NULL, NULL),
(18, 19, NULL, 1, 2, 22, 2, NULL, NULL, 1, NULL, NULL, 1, 'bilbasen', 'Peugeot 2008 1,2 VTi 82 Active Sky 5d', 64900, '', '', '8/2015', 121000, 2015, NULL, '82 hk/118 nm', '169 km/t', '13,5 sek.', '(NEDC) 20,4 km/l', '113 g/km', '-', '1.210 kg', '1.100 kg', NULL, NULL, '840 kr. / år', NULL, '-', '174 cm', NULL, NULL, NULL, NULL, NULL, NULL, NULL, NULL, 5, NULL, '194.991 kr.', NULL, NULL),
(19, 28, 104, 4, 2, 24, 1, NULL, NULL, 1, NULL, NULL, 1, 'bilbasen', 'Toyota C-HR 1,8 Hybrid Premium Selected CVT 5d', 157900, '', '', '1/2017', 117000, 2016, NULL, '122 hk/230 nm', '170 km/t', '11,0 sek.', '(NEDC) 25,6 km/l', '-', '6', '1.525 kg', '725 kg', NULL, NULL, '840 kr. / år', NULL, '-', '180 cm', '-', '-', '-', NULL, NULL, NULL, NULL, NULL, 1, NULL, '-', NULL, NULL),
(20, 18, 64, 1, 2, 22, 1, NULL, NULL, 1, NULL, NULL, 1, 'bilbasen', 'Opel Mokka 1,4 T 140 Cosmo aut. 5d', 177500, '', '', '7/2016', 81000, 2016, NULL, '140 hk/200 nm', '193 km/t', '9,9 sek.', '(NEDC) 16,1 km/l', '144 g/km', '6', '1.394 kg', '1.200 kg', NULL, NULL, '3.140 kr. / år', NULL, '-', '178 cm', NULL, NULL, NULL, NULL, NULL, NULL, NULL, NULL, 6, NULL, '319.895 kr.', NULL, NULL),
(21, 29, 123, 1, 10, 6, 1, NULL, NULL, 1, NULL, NULL, 1, 'bilbasen', 'VW Touran 1,4 TSi 150 Comfortline DSG 7prs 5d', 154900, '', '', '7/2016', 187000, 2017, NULL, '150 hk/250 nm', '209 km/t', '8,9 sek.', '(NEDC) 18,5 km/l', '124 g/km', '-', '1.478 kg', '1.500 kg', NULL, NULL, '1.600 kr. / år', NULL, '-', '183 cm', NULL, NULL, NULL, NULL, NULL, NULL, NULL, NULL, 7, NULL, '324.721 kr.', NULL, NULL),
(22, 24, 91, 3, 2, 16, NULL, NULL, NULL, 1, NULL, NULL, 1, 'bilbasen', 'Skoda Enyaq 60 iV Loft 5d', 189000, '', '', '12/2021', 70000, 2021, NULL, '179 hk/310 nm', '160 km/t', '8,9 sek.', NULL, NULL, NULL, '1.923 kg', '1.000 kg', NULL, NULL, '840 kr. / år', NULL, '585 liter', '188 cm', '58,3 kWh', '(WLTP) 410 km', '156 Wh/km', '-', '-', '-', NULL, NULL, NULL, NULL, '-', NULL, NULL),
(23, 30, 127, 3, 2, 13, NULL, NULL, NULL, 1, NULL, NULL, 1, 'bilbasen', 'Volvo EX30 Extended Range Ultra 5d', 299800, '', '', '12/2024', 13500, 2024, NULL, '272 hk/343 nm', '180 km/t', '5,3 sek.', NULL, NULL, NULL, '1.730 kg', '1.400 kg', NULL, NULL, '840 kr. / år', NULL, '318 liter', '184 cm', '69,0 kWh', '(WLTP) 480 km', '160 Wh/km', '-', '-', '-', NULL, NULL, NULL, NULL, '356.720 kr.', NULL, NULL),
(24, NULL, NULL, 7, 2, 8, 1, NULL, NULL, 1, NULL, NULL, 1, 'bilbasen', 'MINI Countryman Cooper SE 1,5 JC Works aut. ALL4 5d', 229900, '', '', '3/2019', 86000, 2019, NULL, '224 hk/385 nm', '198 km/t', '6,8 sek.', '(NEDC) 27,5 km/l', '49 g/km', '-', '1.817 kg', '-', NULL, NULL, '1.260 kr. / år', NULL, '405 liter', '182 cm', '5,5 kWh', '(NEDC) 40 km', '137 Wh/km', '-', '-', '-', NULL, NULL, 6, NULL, '-', NULL, NULL),
(25, 24, 92, 1, 2, 15, 1, NULL, NULL, 1, NULL, NULL, 1, 'bilbasen', 'Skoda Kamiq 1,0 TSI 115 Selection DSG 5d', 292900, '', '', '10/2024', 11000, 2024, NULL, '115 hk/200 nm', '195 km/t', '10,1 sek.', '(WLTP) 17,5 km/l', '129 g/km', '-', '1.254 kg', '1.200 kg', NULL, NULL, '1.360 kr. / år', NULL, '400 liter', '179 cm', NULL, NULL, NULL, NULL, NULL, NULL, NULL, NULL, 7, NULL, '300.616 kr.', NULL, NULL),
(26, 19, NULL, 7, 2, 9, 1, NULL, NULL, 1, NULL, NULL, 1, 'bilbasen', 'Peugeot 3008 1,6 Hybrid Allure Pack EAT8 5d', 189500, '', '', '7/2021', 46000, 2021, NULL, '225 hk/360 nm', '225 km/t', '8,7 sek.', '(WLTP) 71,4 km/l', '31 g/km', '6', '1.888 kg', '1.250 kg', NULL, NULL, '840 kr. / år', NULL, '395 liter', '184 cm', '9,5 kWh', '(WLTP) 62 km', '154 Wh/km', '-', '-', '-', NULL, NULL, 8, NULL, '335.809 kr.', NULL, NULL),
(27, 5, 18, 1, 11, 1, 2, NULL, NULL, 1, NULL, NULL, 1, 'bilbasen', 'Citroën C1 1,0i Attraction 5d', 18900, '', '', '9/2012', 201000, 2012, NULL, '68 hk/93 nm', '157 km/t', '13,7 sek.', '(NEDC) 23,3 km/l', '120 g/km', '-', '775 kg', '-', NULL, NULL, '840 kr. / år', NULL, '-', '163 cm', NULL, NULL, NULL, NULL, NULL, NULL, NULL, NULL, 5, NULL, '84.985 kr.', NULL, NULL),
(28, 12, 42, 1, 6, 8, 2, NULL, NULL, 1, NULL, NULL, 1, 'bilbasen', 'Kia Rio 1,2 CVVT Attraction 5d', 46990, '', '', '1/2016', 203000, 2016, NULL, '86 hk/121 nm', '168 km/t', '13,1 sek.', '(NEDC) 21,3 km/l', '108 g/km', '-', '1.167 kg', '900 kg', NULL, NULL, '840 kr. / år', NULL, '-', '172 cm', NULL, NULL, NULL, NULL, NULL, NULL, NULL, NULL, 5, NULL, '149.996 kr.', NULL, NULL),
(29, 19, 73, 3, 6, 1, NULL, NULL, NULL, 1, NULL, NULL, 1, 'bilbasen', 'Peugeot e-208 50 Allure 5d', 139900, '', '', '11/2021', 7000, 2021, NULL, '136 hk/260 nm', '150 km/t', '8,1 sek.', NULL, NULL, NULL, '1.222 kg', '-', NULL, NULL, '840 kr. / år', NULL, '265 liter', '177 cm', '45,0 kWh', '(WLTP) 362 km', '155 Wh/km', '-', '-', '-', NULL, NULL, NULL, NULL, '245.811 kr.', NULL, NULL),
(30, 18, 65, 3, 2, 10, NULL, NULL, NULL, 1, NULL, NULL, 1, 'bilbasen', 'Opel Mokka-e 50 Edition 5d', 129900, '', '', '8/2021', 17000, 2021, NULL, '136 hk/260 nm', '150 km/t', '9,0 sek.', NULL, NULL, NULL, '1.498 kg', '-', NULL, NULL, '840 kr. / år', NULL, '310 liter', '179 cm', '45,0 kWh', '(WLTP) 318 km', '156 Wh/km', '-', '-', '-', NULL, NULL, NULL, NULL, '-', NULL, NULL),
(31, 21, 76, 3, 12, 11, NULL, NULL, NULL, 1, NULL, NULL, 1, 'bilbasen', 'Porsche Macan 4 5d', 990374, '', '', '-/-', NULL, 2026, NULL, '387 hk/650 nm', '220 km/t', '5,2 sek.', NULL, NULL, NULL, '2.330 kg', '2.000 kg', NULL, NULL, '-', NULL, '540 liter', '194 cm', '96,0 kWh', '(WLTP) 613 km', '179 Wh/km', '21 min', '270 kW', '11,0 kW', NULL, NULL, NULL, NULL, '840.074 kr.', NULL, NULL),
(32, 15, 54, 3, 12, 21, NULL, NULL, NULL, 1, NULL, NULL, 1, 'bilbasen', 'Mercedes EQC400 AMG Line 4Matic 5d', 362800, '', '', '8/2020', 62000, 2020, NULL, '408 hk/760 nm', '180 km/t', '5,1 sek.', NULL, NULL, NULL, '2.395 kg', '1.800 kg', NULL, NULL, '940 kr. / år', NULL, '500 liter', '188 cm', '80,0 kWh', '(WLTP) 410 km', '228 Wh/km', '-', '-', '-', NULL, NULL, NULL, NULL, '-', NULL, NULL),
(33, 29, 112, 1, 6, 1, 1, NULL, NULL, 1, NULL, NULL, 1, 'bilbasen', 'VW Golf Plus 1,4 TSi 122 Comfortline DSG 5d', 59900, '', '', '6/2009', 159000, 2009, NULL, '122 hk/200 nm', '195 km/t', '10,2 sek.', '(NEDC) 15,9 km/l', '145 g/km', '-', '1.338 kg', '1.300 kg', NULL, NULL, '3.140 kr. / år', NULL, '-', '176 cm', NULL, NULL, NULL, NULL, NULL, NULL, NULL, NULL, 7, NULL, '318.998 kr.', NULL, NULL),
(34, 23, 88, 1, 11, 19, 1, NULL, NULL, 1, NULL, NULL, 1, 'bilbasen', 'Seat Mii 1,0 60 Sport aut. eco 5d', 79900, '', '', '9/2017', 66000, 2018, NULL, '60 hk/95 nm', '160 km/t', '15,3 sek.', '(NEDC) 24,4 km/l', '94 g/km', '-', '832 kg', '-', NULL, NULL, '840 kr. / år', NULL, '251 liter', '164 cm', NULL, NULL, NULL, NULL, NULL, NULL, NULL, NULL, 5, NULL, '114.440 kr.', NULL, NULL),
(35, 15, 50, 1, 14, 24, 1, NULL, NULL, 1, NULL, NULL, 1, 'bilbasen', 'Mercedes E250 1,8 Avantgarde stc. aut. BE 5d', 159900, '', '', '8/2011', 164500, 2011, NULL, '204 hk/310 nm', '230 km/t', '8,1 sek.', '(NEDC) 14,3 km/l', '156 g/km', '5', '1.635 kg', '2.100 kg', NULL, NULL, '3.920 kr. / år', NULL, '-', '185 cm', NULL, NULL, NULL, NULL, NULL, NULL, NULL, NULL, 7, NULL, '-', NULL, NULL),
(36, 12, 41, 1, 11, 20, 2, NULL, NULL, 1, NULL, NULL, 1, 'bilbasen', 'Kia Picanto 1,0 MPi Advance 5d', 64900, '', '', '9/2017', 83000, 2018, NULL, '67 hk/96 nm', '161 km/t', '14,3 sek.', '(NEDC) 25,6 km/l', '92 g/km', '-', '830 kg', '-', NULL, NULL, '840 kr. / år', NULL, '255 liter', '160 cm', NULL, NULL, NULL, NULL, NULL, NULL, NULL, NULL, 5, NULL, '120.019 kr.', NULL, NULL),
(37, 29, 125, 1, 11, 1, 2, NULL, NULL, 1, NULL, NULL, 1, 'bilbasen', 'VW Up! 1,0 60 Black Up! 3d', 22900, '', '', '1/2013', 202000, 2013, NULL, '60 hk/95 nm', '160 km/t', '14,4 sek.', '(NEDC) 24,4 km/l', '104 g/km', '-', '829 kg', '-', NULL, NULL, '840 kr. / år', NULL, '-', '164 cm', NULL, NULL, NULL, NULL, NULL, NULL, NULL, NULL, 5, NULL, '-', NULL, NULL),
(38, 12, 40, 4, 2, 12, 1, NULL, NULL, 1, NULL, NULL, 1, 'bilbasen', 'Kia Niro 1,6 HEV Comfort DCT 5d', 129900, '', '', '10/2017', 121000, 2017, NULL, '141 hk/265 nm', '162 km/t', '11,5 sek.', '(NEDC) 26,3 km/l', '88 g/km', '6', '1.400 kg', '1.300 kg', NULL, NULL, '1.260 kr. / år', NULL, '427 liter', '181 cm', '1,6 kWh', '-', '-', NULL, NULL, NULL, NULL, NULL, 6, NULL, '278.395 kr.', NULL, NULL),
(39, 8, 26, 2, 6, 21, 2, NULL, NULL, 1, NULL, NULL, 1, 'bilbasen', 'Fiat Punto 1,3 MJT 85 Easy 5d', 15000, '', '', '1/2014', 342000, 2014, NULL, '85 hk/200 nm', '172 km/t', '13,1 sek.', '(NEDC) 28,6 km/l', '93 g/km', '-', '1.120 kg', '1.000 kg', NULL, NULL, '1.040 kr. / år', NULL, '-', '169 cm', NULL, NULL, NULL, NULL, NULL, NULL, NULL, NULL, 5, NULL, '177.990 kr.', NULL, NULL),
(40, 28, 107, 4, 6, 14, 1, NULL, NULL, 1, NULL, NULL, 1, 'bilbasen', 'Toyota Yaris 1,5 Hybrid H2 Premium Luksus e-CVT 5d', 99900, '', '', '11/2016', 88000, 2017, NULL, '100 hk/169 nm', '165 km/t', '12,0 sek.', '(NEDC) 27,8 km/l', '-', '-', '1.060 kg', '-', NULL, NULL, '840 kr. / år', NULL, '-', '170 cm', '-', '-', '-', NULL, NULL, NULL, NULL, NULL, 1, NULL, '211.995 kr.', NULL, NULL),
(41, 29, 122, 1, 12, 22, 1, NULL, NULL, 1, NULL, NULL, 1, 'bilbasen', 'VW Tiguan 1,4 TSi 150 Comfortline DSG 5d', 217900, '', '', '3/2017', 117000, 2017, NULL, '150 hk/250 nm', '200 km/t', '9,2 sek.', '(NEDC) 16,7 km/l', '138 g/km', '-', '1.398 kg', '1.800 kg', NULL, NULL, '2.340 kr. / år', NULL, '-', '184 cm', NULL, NULL, NULL, NULL, NULL, NULL, NULL, NULL, 6, NULL, '375.793 kr.', NULL, NULL),
(42, 1, 2, 7, 6, 1, 1, NULL, NULL, 1, NULL, NULL, 1, 'bilbasen', 'Audi A3 1,4 e-tron Sport Sportback S-tr. 5d', 159900, '', '', '3/2019', 153000, 2019, NULL, '204 hk/350 nm', '222 km/t', '7,6 sek.', '(NEDC) 32,1 km/l', '48 g/km', '-', '1.515 kg', '1.400 kg', NULL, NULL, '1.160 kr. / år', NULL, '280 liter', '179 cm', '8,8 kWh', '(NEDC) 50 km', '114 Wh/km', '-', '-', '-', NULL, NULL, 6, NULL, '394.834 kr.', NULL, NULL),
(43, 28, 103, 1, 11, 20, 2, NULL, NULL, 1, NULL, NULL, 1, 'bilbasen', 'Toyota Aygo 1,0 Air+ 5d', 37900, '', '', '10/2011', 96000, 2011, NULL, '68 hk/93 nm', '157 km/t', '14,2 sek.', '(NEDC) 22,2 km/l', '104 g/km', '-', '825 kg', '-', NULL, NULL, '840 kr. / år', NULL, '-', '162 cm', NULL, NULL, NULL, NULL, NULL, NULL, NULL, NULL, 5, NULL, '109.994 kr.', NULL, NULL),
(44, 1, 3, 1, 14, 1, 1, NULL, NULL, 1, NULL, NULL, 1, 'bilbasen', 'Audi A6 2,4 V6 Avant Multitr. 5d', 29900, '', '', '5/2006', 204000, 2006, NULL, '177 hk/230 nm', '221 km/t', '9,5 sek.', '(NEDC) 10,2 km/l', '221 g/km', '-', '1.625 kg', '1.800 kg', NULL, NULL, '8.500 kr. / år', NULL, '-', '186 cm', NULL, NULL, NULL, NULL, NULL, NULL, NULL, NULL, 2, NULL, '664.852 kr.', NULL, NULL),
(45, 26, 99, 4, 2, 15, 1, NULL, NULL, 1, NULL, NULL, 1, 'bilbasen', 'Suzuki S-Cross 1,5 S-Hybrid Active AGS 5d', 244900, '', '', '7/2023', 36000, 2023, NULL, '115 hk/235 nm', '175 km/t', '12,7 sek.', '(WLTP) 19,3 km/l', '118 g/km', '-', '1.265 kg', '1.200 kg', NULL, NULL, '1.360 kr. / år', NULL, '293 liter', '179 cm', '-', '-', '-', NULL, NULL, NULL, NULL, NULL, 6, NULL, '323.710 kr.', '6/2023', NULL),
(46, 5, 19, 2, 6, 13, 2, NULL, NULL, 1, NULL, NULL, 1, 'bilbasen', 'Citroën C3 1,5 BlueHDi 100 Attaque 5d', 64800, '', '', '5/2019', 141000, 2019, NULL, '100 hk/250 nm', '188 km/t', '9,9 sek.', '(WLTP) 22,7 km/l', '96 g/km', '-', '1.211 kg', '600 kg', NULL, NULL, '1.400 kr. / år', NULL, '300 liter', '175 cm', NULL, NULL, NULL, NULL, NULL, NULL, NULL, NULL, 5, NULL, '136.015 kr.', NULL, NULL),
(47, 29, 115, 3, 2, 4, NULL, NULL, NULL, 1, NULL, NULL, 1, 'bilbasen', 'VW ID.4 77 Pro Performance 5d', 249900, '', '', '12/2022', 43000, 2023, NULL, '204 hk/-', '160 km/t', '8,5 sek.', NULL, NULL, NULL, '2.085 kg', '1.000 kg', NULL, NULL, '840 kr. / år', NULL, '543 liter', '185 cm', '77,0 kWh', '(WLTP) 531 km', '165 Wh/km', '-', '-', '-', NULL, NULL, NULL, NULL, '400.715 kr.', NULL, NULL),
(48, 1, 7, 3, 12, 15, NULL, NULL, NULL, 1, NULL, NULL, 1, 'bilbasen', 'Audi e-tron 55 Advanced quattro 5d', 329900, '', '', '2/2020', 85000, 2020, NULL, '408 hk/664 nm', '200 km/t', '5,7 sek.', NULL, NULL, NULL, '2.565 kg', '1.800 kg', NULL, NULL, '940 kr. / år', NULL, '660 liter', '194 cm', '86,5 kWh', '(WLTP) 432 km', '232 Wh/km', '-', '-', '-', NULL, NULL, NULL, NULL, '803.009 kr.', '2/2020', NULL),
(49, NULL, NULL, 3, 6, 17, NULL, NULL, NULL, 1, NULL, NULL, 1, 'bilbasen', 'Polestar 2 Long Range 5d', 329900, '', '', '2/2025', 30, 2025, NULL, '299 hk/490 nm', '205 km/t', '6,2 sek.', NULL, NULL, NULL, '1.910 kg', '1.500 kg', NULL, NULL, '840 kr. / år', NULL, '405 liter', '186 cm', '82,0 kWh', '(WLTP) 658 km', '148 Wh/km', '-', '-', '-', NULL, NULL, NULL, NULL, '410.520 kr.', NULL, NULL),
(50, 19, NULL, 1, 14, 22, 2, NULL, NULL, 1, NULL, NULL, 1, 'bilbasen', 'Peugeot 307 2,0 T6 Griffe SW 5d', 24800, '', '', '4/2006', 263000, 2006, NULL, '138 hk/190 nm', '205 km/t', '9,8 sek.', '(NEDC) 12,7 km/l', '181 g/km', '-', '1.225 kg', '1.250 kg', NULL, NULL, '5.440 kr. / år', NULL, '-', '173 cm', NULL, NULL, NULL, NULL, NULL, NULL, NULL, NULL, 6, NULL, '305.991 kr.', NULL, NULL),
(51, 1, 4, 2, 13, 15, 1, NULL, NULL, 1, NULL, NULL, 1, 'bilbasen', 'Audi A8 50 TDi quattro Tiptr. 4d', 724500, '', '', '6/2018', 148000, 2018, NULL, '286 hk/600 nm', '250 km/t', '5,9 sek.', '(NEDC) 17,9 km/l', '148 g/km', '-', '2.050 kg', '2.300 kg', NULL, NULL, '6.320 kr. / år', NULL, '505 liter', '195 cm', NULL, NULL, NULL, NULL, NULL, NULL, NULL, NULL, 8, NULL, '1.626.510 kr.', NULL, NULL),
(52, 15, 53, 3, 2, 24, NULL, NULL, NULL, 1, NULL, NULL, 1, 'bilbasen', 'Mercedes EQA250 Progressive 5d', 224995, '', '', '7/2021', 122000, 2021, NULL, '190 hk/375 nm', '160 km/t', '8,9 sek.', NULL, NULL, NULL, '2.040 kg', '750 kg', NULL, NULL, '840 kr. / år', NULL, '340 liter', '183 cm', '66,5 kWh', '(WLTP) 424 km', '179 Wh/km', '-', '-', '-', NULL, NULL, NULL, NULL, '-', NULL, NULL),
(53, 18, 59, 1, 13, 24, 2, NULL, NULL, 1, NULL, NULL, 1, 'bilbasen', 'Opel Astra 1,4 T 140 Enjoy 4d', 99900, '', '', '5/2013', 64600, 2013, NULL, '140 hk/200 nm', '202 km/t', '9,9 sek.', '(NEDC) 17,9 km/l', '128 g/km', '-', '1.471 kg', '1.250 kg', NULL, NULL, '2.340 kr. / år', NULL, '-', '181 cm', NULL, NULL, NULL, NULL, NULL, NULL, NULL, NULL, 6, NULL, '251.623 kr.', NULL, NULL),
(54, 12, 42, 1, 6, 3, 1, NULL, NULL, 1, NULL, NULL, 1, 'bilbasen', 'Kia Rio 1,4 CVVT Comfort aut. 5d', 89900, '', '', '11/2015', 64000, 2016, NULL, '109 hk/137 nm', '170 km/t', '13,2 sek.', '(NEDC) 15,9 km/l', '145 g/km', '-', '1.112 kg', '850 kg', NULL, NULL, '3.140 kr. / år', NULL, '-', '172 cm', NULL, NULL, NULL, NULL, NULL, NULL, NULL, NULL, 4, NULL, '193.173 kr.', NULL, NULL),
(55, 11, 35, 3, 2, 21, NULL, NULL, NULL, 1, NULL, NULL, 1, 'bilbasen', 'Hyundai Kona 64 EV Advanced 5d', 164500, '', '', '6/2021', 63000, 2021, NULL, '204 hk/395 nm', '167 km/t', '7,6 sek.', NULL, NULL, NULL, '1.510 kg', '300 kg', NULL, NULL, '840 kr. / år', NULL, '332 liter', '180 cm', '64,0 kWh', '(WLTP) 484 km', '147 Wh/km', '-', '-', '-', NULL, NULL, NULL, NULL, '305.915 kr.', NULL, NULL),
(56, 24, 91, 3, 2, 9, NULL, NULL, NULL, 1, NULL, NULL, 1, 'bilbasen', 'Skoda Enyaq 85 iV 5d', 384980, '', '', '-/-', NULL, 2026, NULL, '286 hk/545 nm', '180 km/t', '6,7 sek.', NULL, NULL, NULL, '2.141 kg', '1.000 kg', NULL, NULL, '-', NULL, '585 liter', '188 cm', '77,0 kWh', '(WLTP) 575 km', '151 Wh/km', '-', '-', '-', NULL, NULL, NULL, NULL, '345.315 kr.', NULL, NULL),
(57, 28, 107, 1, 6, 9, 2, NULL, NULL, 1, NULL, NULL, 1, 'bilbasen', 'Toyota Yaris 1,0 VVT-i T2 5d', 69900, '', '', '2/2016', 127000, 2015, NULL, '69 hk/93 nm', '155 km/t', '15,3 sek.', '(NEDC) 23,3 km/l', '99 g/km', '-', '955 kg', '730 kg', NULL, NULL, '840 kr. / år', NULL, '-', '170 cm', NULL, NULL, NULL, NULL, NULL, NULL, NULL, NULL, 5, NULL, '143.699 kr.', NULL, NULL),
(58, 23, 89, 1, 12, 9, 1, NULL, NULL, 1, NULL, NULL, 1, 'bilbasen', 'Seat Tarraco 2,0 TSi 190 Xcellence DSG 4Drive 5d', 339900, '', '', '6/2019', 41900, 2019, NULL, '190 hk/320 nm', '211 km/t', '8,0 sek.', '(WLTP) 11,1 km/l', '183 g/km', '-', '1.773 kg', '2.250 kg', NULL, NULL, '4.540 kr. / år', NULL, '760 liter', '184 cm', NULL, NULL, NULL, NULL, NULL, NULL, NULL, NULL, 7, NULL, '476.108 kr.', NULL, NULL),
(59, 19, NULL, 2, 6, 1, 2, NULL, NULL, 1, NULL, NULL, 1, 'bilbasen', 'Peugeot 208 1,4 HDi 68 Active 5d', 28900, '', '', '11/2013', 215000, 2012, NULL, '68 hk/160 nm', '163 km/t', '13,5 sek.', '(NEDC) 26,3 km/l', '101 g/km', '-', '1.025 kg', '675 kg', NULL, NULL, '1.860 kr. / år', NULL, '-', '174 cm', NULL, NULL, NULL, NULL, NULL, NULL, NULL, NULL, 5, NULL, '174.990 kr.', NULL, NULL),
(60, 12, 45, 7, 6, 22, 1, NULL, NULL, 1, NULL, NULL, 1, 'bilbasen', 'Kia XCeed 1,6 PHEV Upgrade+ DCT 5d', 169900, '', '', '9/2021', 56000, 2022, NULL, '141 hk/265 nm', '188 km/t', '11,0 sek.', '(WLTP) 58,8 km/l', '38 g/km', '-', '1.477 kg', '1.300 kg', NULL, NULL, '840 kr. / år', NULL, '291 liter', '183 cm', '5,5 kWh', '(WLTP) 42 km', '132 Wh/km', '-', '-', '-', NULL, NULL, 6, NULL, '-', NULL, NULL),
(61, 18, 61, 3, 6, 21, NULL, NULL, NULL, 1, NULL, NULL, 1, 'bilbasen', 'Opel Corsa-e 54 GS-Line 5d', 174900, '', '', '3/2024', 2300, 2024, NULL, '156 hk/260 nm', '150 km/t', '8,1 sek.', NULL, NULL, NULL, '1.444 kg', '-', NULL, NULL, '840 kr. / år', NULL, '267 liter', '177 cm', '54,0 kWh', '(WLTP) 400 km', '162 Wh/km', '-', '-', '-', NULL, NULL, NULL, NULL, '-', NULL, NULL),
(62, 16, 57, 1, 14, 24, 2, NULL, NULL, 1, NULL, NULL, 1, 'bilbasen', 'Mitsubishi Lancer 1,6 Comfort stc. 5d', 19800, '', '', '5/2008', 122000, 2008, NULL, '98 hk/150 nm', '181 km/t', '12,6 sek.', '(NEDC) 14,3 km/l', '161 g/km', '-', '1.250 kg', '1.200 kg', NULL, NULL, '3.920 kr. / år', NULL, '-', '170 cm', NULL, NULL, NULL, NULL, NULL, NULL, NULL, NULL, 5, NULL, '224.733 kr.', NULL, NULL),
(63, 5, 20, 2, 10, 22, 1, NULL, NULL, 1, NULL, NULL, 1, 'bilbasen', 'Citroën C4 Picasso 1,6 HDi 110 VTR E6G 5d', 51900, '', '', '1/2010', 188000, 2010, NULL, '110 hk/240 nm', '180 km/t', '14,4 sek.', '(NEDC) 18,9 km/l', '140 g/km', '-', '1.474 kg', '1.200 kg', NULL, NULL, '4.720 kr. / år', NULL, '-', '183 cm', NULL, NULL, NULL, NULL, NULL, NULL, NULL, NULL, 6, NULL, '383.057 kr.', NULL, NULL),
(64, 24, 91, 3, 2, 22, NULL, NULL, NULL, 1, NULL, NULL, 1, 'bilbasen', 'Skoda Enyaq 80 iV Premium Coupé 5d', 319900, '', '', '10/2023', 22800, 2023, NULL, '204 hk/310 nm', '160 km/t', '8,7 sek.', NULL, NULL, NULL, '2.019 kg', '1.000 kg', NULL, NULL, '840 kr. / år', NULL, '585 liter', '188 cm', '77,0 kWh', '(WLTP) 546 km', '157 Wh/km', '-', '-', '-', NULL, NULL, NULL, NULL, '445.715 kr.', NULL, NULL),
(65, 29, 110, 1, 11, 4, 2, NULL, NULL, 1, NULL, NULL, 1, 'bilbasen', 'VW Fox 1,4 3d', 24900, '', '', '2/2006', 84000, 2006, NULL, '75 hk/126 nm', '167 km/t', '13,0 sek.', '(NEDC) 14,8 km/l', '154 g/km', '-', '1.000 kg', '-', NULL, NULL, '3.920 kr. / år', NULL, '-', '166 cm', NULL, NULL, NULL, NULL, NULL, NULL, NULL, NULL, 5, NULL, '144.365 kr.', '2/2006', NULL),
(66, NULL, NULL, 3, 2, 24, NULL, NULL, NULL, 1, NULL, NULL, 1, 'bilbasen', 'Polestar 4 Long Range 5d', 369800, '', '', '7/2023', 15475, 2024, NULL, '272 hk/343 nm', '200 km/t', '7,1 sek.', NULL, NULL, NULL, '2.305 kg', '1.500 kg', NULL, NULL, '840 kr. / år', NULL, '526 liter', '201 cm', '94,0 kWh', '(WLTP) 610 km', '148 Wh/km', '31 min', '200 kW', '11,0 kW', NULL, NULL, NULL, NULL, '460.620 kr.', NULL, NULL),
(67, 12, 41, 1, 11, 22, 2, NULL, NULL, 1, NULL, NULL, 1, 'bilbasen', 'Kia Picanto 1,0 Sport Eco 5d', 49900, '', '', '1/2015', 114800, 2015, NULL, '69 hk/94 nm', '153 km/t', '14,4 sek.', '(NEDC) 24,4 km/l', '94 g/km', '-', '820 kg', '700 kg', NULL, NULL, '840 kr. / år', NULL, '-', '160 cm', NULL, NULL, NULL, NULL, NULL, NULL, NULL, NULL, 5, NULL, '99.999 kr.', NULL, NULL),
(68, 15, 55, 3, 10, 22, NULL, NULL, NULL, 1, NULL, NULL, 1, 'bilbasen', 'Mercedes EQV300 Avantgarde L', 419800, '', '', '12/2020', 28000, 2021, NULL, '204 hk/365 nm', '160 km/t', '-', NULL, NULL, NULL, '2.635 kg', '-', NULL, NULL, '1.040 kr. / år', NULL, '1.030 liter', '193 cm', '90,0 kWh', '(WLTP) 345 km', '285 Wh/km', '41 min', '110 kW', '11,0 kW', NULL, NULL, NULL, NULL, '710.303 kr.', NULL, NULL),
(69, 29, 126, 3, 11, 12, NULL, NULL, NULL, 1, NULL, NULL, 1, 'bilbasen', 'VW e-Up! 5d', 119000, '', '', '9/2021', 24000, 2021, NULL, '83 hk/210 nm', '130 km/t', '11,9 sek.', NULL, NULL, NULL, '1.135 kg', '-', NULL, NULL, '840 kr. / år', NULL, '251 liter', '165 cm', '32,3 kWh', '(WLTP) 250 km', '144 Wh/km', '-', '-', '7,4 kW', NULL, NULL, NULL, NULL, '155.815 kr.', NULL, NULL),
(70, 29, 115, 3, 2, 8, NULL, NULL, NULL, 1, NULL, NULL, 1, 'bilbasen', 'VW ID.4 77 GTX 4Motion 5d', 274800, '', '', '5/2022', 59000, 2022, NULL, '299 hk/460 nm', '160 km/t', '6,2 sek.', NULL, NULL, NULL, '2.224 kg', '1.200 kg', NULL, NULL, '840 kr. / år', NULL, '543 liter', '185 cm', '77,0 kWh', '(WLTP) 476 km', '185 Wh/km', '-', '-', '-', NULL, NULL, NULL, NULL, '430.815 kr.', NULL, NULL),
(71, 29, 123, 1, 10, 15, 1, NULL, NULL, 1, NULL, NULL, 1, 'bilbasen', 'VW Touran 1,5 TSi 150 Comfortline DSG 7prs 5d', 219900, '', '', '7/2019', 169000, 2019, NULL, '150 hk/250 nm', '209 km/t', '8,9 sek.', '(WLTP) 13,7 km/l', '143 g/km', '-', '1.405 kg', '1.500 kg', NULL, NULL, '2.220 kr. / år', NULL, '633 liter', '183 cm', NULL, NULL, NULL, NULL, NULL, NULL, NULL, NULL, 7, NULL, '335.915 kr.', NULL, NULL),
(72, 27, 102, 3, 2, 12, NULL, NULL, NULL, 1, NULL, NULL, 1, 'bilbasen', 'Tesla Model Y RWD 5d', 242900, '', '', '6/2023', 52000, 2023, NULL, '299 hk/430 nm', '217 km/t', '6,9 sek.', NULL, NULL, NULL, '1.984 kg', '1.600 kg', NULL, NULL, '840 kr. / år', NULL, '854 liter', '192 cm', '57,0 kWh', '(WLTP) 455 km', '157 Wh/km', '-', '-', '-', NULL, NULL, NULL, NULL, '378.210 kr.', NULL, NULL),
(73, 12, 40, 3, 2, 22, NULL, NULL, NULL, 1, NULL, NULL, 1, 'bilbasen', 'Kia Niro 64 EV Spirit 5d', 219800, '', '', '8/2023', 33352, 2023, NULL, '204 hk/255 nm', '167 km/t', '7,8 sek.', NULL, NULL, NULL, '1.682 kg', '750 kg', NULL, NULL, '840 kr. / år', NULL, '475 liter', '183 cm', '64,8 kWh', '(WLTP) 460 km', '162 Wh/km', '41 min', '100 kW', '11,0 kW', NULL, NULL, NULL, NULL, '-', NULL, NULL),
(74, 9, 29, 1, 6, 22, 2, NULL, NULL, 1, NULL, NULL, 1, 'bilbasen', 'Ford Fiesta 1,0 SCTi 140 ST-Line 5d', 84799, '', '', '10/2016', 120000, 2017, NULL, '140 hk/210 nm', '201 km/t', '9,0 sek.', '(NEDC) 22,2 km/l', '104 g/km', '-', '1.091 kg', '900 kg', NULL, NULL, '840 kr. / år', NULL, '-', '172 cm', NULL, NULL, NULL, NULL, NULL, NULL, NULL, NULL, 5, NULL, '173.978 kr.', NULL, NULL),
(75, 19, NULL, 1, 11, 12, 2, NULL, NULL, 1, NULL, NULL, 1, 'bilbasen', 'Peugeot 108 1,0 e-VTi 72 Selection 5d', 99900, '', '', '5/2021', 28000, 2019, NULL, '72 hk/93 nm', '160 km/t', '12,6 sek.', '(NEDC) 24,7 km/l', '86 g/km', '6', '815 kg', '-', NULL, NULL, '1.360 kr. / år', NULL, '196 liter', '162 cm', NULL, NULL, NULL, NULL, NULL, NULL, NULL, NULL, 5, NULL, '98.011 kr.', NULL, NULL),
(76, 18, 59, 1, 6, 17, 1, NULL, NULL, 1, NULL, NULL, 1, 'bilbasen', 'Opel Astra 1,4 T 150 Exclusive aut. 5d', 159900, '', '', '11/2019', 78500, 2019, NULL, '150 hk/230 nm', '210 km/t', '8,9 sek.', '(NEDC) 18,6 km/l', '135 g/km', '6', '1.335 kg', '1.420 kg', NULL, NULL, '2.220 kr. / år', NULL, '370 liter', '181 cm', NULL, NULL, NULL, NULL, NULL, NULL, NULL, NULL, 6, NULL, '281.012 kr.', NULL, NULL),
(77, 25, 97, 3, 11, 22, NULL, NULL, NULL, 1, NULL, NULL, 1, 'bilbasen', 'Smart Fortwo EQ 3d', 79995, '', '', '5/2022', 7500, 2022, NULL, '82 hk/160 nm', '130 km/t', '11,6 sek.', NULL, NULL, NULL, '1.095 kg', '-', NULL, NULL, '840 kr. / år', NULL, '-', '166 cm', '16,7 kWh', '(WLTP) 132 km', '160 Wh/km', '-', '-', '-', NULL, NULL, NULL, NULL, '197.920 kr.', NULL, NULL),
(78, 29, 114, 3, 6, 20, NULL, NULL, NULL, 1, NULL, NULL, 1, 'bilbasen', 'VW ID.3 77 Pro S 5d', 274900, '', '', '6/2023', 14000, 2023, NULL, '204 hk/310 nm', '160 km/t', '7,9 sek.', NULL, NULL, NULL, '1.828 kg', '-', NULL, NULL, '840 kr. / år', NULL, '385 liter', '181 cm', '77,0 kWh', '(WLTP) 557 km', '154 Wh/km', '-', '-', '-', NULL, NULL, NULL, NULL, '355.715 kr.', NULL, NULL),
(79, 29, 109, 7, 14, 22, 1, NULL, NULL, 1, NULL, NULL, 1, 'bilbasen', 'VW Arteon 1,4 eHybrid Elegance Shooting Brake DSG 5d', 354900, '', '', '9/2022', 63000, 2022, NULL, '218 hk/400 nm', '239 km/t', '7,8 sek.', '(WLTP) 76,9 km/l', '31 g/km', '6', '1.809 kg', '1.600 kg', NULL, NULL, '840 kr. / år', NULL, '455 liter', '187 cm', '9,1 kWh', '(WLTP) 57 km', '159 Wh/km', '-', '-', '-', NULL, NULL, 6, NULL, '580.814 kr.', NULL, NULL),
(80, 29, 116, 3, 6, 24, NULL, NULL, NULL, 1, NULL, NULL, 1, 'bilbasen', 'VW ID.7 77 Pro 5d', 373700, '', '', '1/2024', 7000, 2024, NULL, '286 hk/545 nm', '180 km/t', '6,5 sek.', NULL, NULL, NULL, '2.172 kg', '1.000 kg', NULL, NULL, '840 kr. / år', NULL, '532 liter', '186 cm', '77,0 kWh', '(WLTP) 615 km', '140 Wh/km', '27 min', '190 kW', '11,0 kW', NULL, NULL, NULL, NULL, '427.615 kr.', NULL, NULL),
(81, 24, 91, 3, 2, 22, NULL, NULL, NULL, 1, NULL, NULL, 1, 'bilbasen', 'Skoda Enyaq 85 iV 5d', 384980, '', '', '-/-', NULL, 2026, NULL, '286 hk/545 nm', '180 km/t', '6,7 sek.', NULL, NULL, NULL, '2.141 kg', '1.000 kg', NULL, NULL, '-', NULL, '585 liter', '188 cm', '77,0 kWh', '(WLTP) 575 km', '151 Wh/km', '-', '-', '-', NULL, NULL, NULL, NULL, '345.315 kr.', NULL, NULL),
(82, 21, NULL, 1, 4, 22, 1, NULL, NULL, 1, NULL, NULL, 1, 'bilbasen', 'Porsche 911 Turbo S 3,8 Coupé PDK 2d', 949991, '', '', '3/2017', 39800, 2017, NULL, '580 hk/700 nm', '330 km/t', '2,9 sek.', '(NEDC) 11,0 km/l', '209 g/km', '-', '1.600 kg', '-', NULL, NULL, '7.720 kr. / år', NULL, '-', '188 cm', NULL, NULL, NULL, NULL, NULL, NULL, NULL, NULL, 7, NULL, '3.895.403 kr.', NULL, NULL),
(83, 9, 32, 3, 2, 21, NULL, NULL, NULL, 1, NULL, NULL, 1, 'bilbasen', 'Ford Mustang Mach-E 75 Standard Range AWD 5d', 229900, '', '', '12/2021', 32000, 2021, NULL, '269 hk/565 nm', '180 km/t', '6,3 sek.', NULL, NULL, NULL, '2.138 kg', '750 kg', NULL, NULL, '840 kr. / år', NULL, '483 liter', '188 cm', '68,0 kWh', '(WLTP) 400 km', '195 Wh/km', '-', '-', '-', NULL, NULL, NULL, NULL, '435.715 kr.', NULL, NULL),
(84, 2, 10, 3, 14, 7, NULL, NULL, NULL, 1, NULL, NULL, 1, 'bilbasen', 'BMW i5 eDrive40 Touring M-Sport 5d', 519900, '', '', '2/2025', 38000, 2025, NULL, '340 hk/400 nm', '193 km/t', '6,1 sek.', NULL, NULL, NULL, '2.255 kg', '1.500 kg', NULL, NULL, '840 kr. / år', NULL, '570 liter', '190 cm', '81,2 kWh', '(WLTP) 580 km', '160 Wh/km', '-', '-', '-', NULL, NULL, NULL, NULL, '585.420 kr.', NULL, NULL),
(85, 11, 34, 3, 6, 6, NULL, NULL, NULL, 1, NULL, NULL, 1, 'bilbasen', 'Hyundai Ioniq 5 73 Techniq 5d', 219800, '', '', '9/2021', 46074, 2021, NULL, '217 hk/350 nm', '185 km/t', '7,4 sek.', NULL, NULL, NULL, '1.885 kg', '1.600 kg', NULL, NULL, '840 kr. / år', NULL, '527 liter', '189 cm', '70,0 kWh', '(WLTP) 481 km', '168 Wh/km', '17 min', '213 kW', '11,0 kW', NULL, NULL, NULL, NULL, '-', NULL, NULL),
(86, 24, 91, 3, 2, 13, NULL, NULL, NULL, 1, NULL, NULL, 1, 'bilbasen', 'Skoda Enyaq 85 iV Premium 5d', 389900, '', '', '9/2024', 15000, 2025, NULL, '286 hk/545 nm', '180 km/t', '-', NULL, NULL, NULL, '2.187 kg', '1.000 kg', NULL, NULL, '840 kr. / år', NULL, '585 liter', '188 cm', '76,6 kWh', '(WLTP) 573 km', '155 Wh/km', '-', '-', '-', NULL, NULL, NULL, NULL, '375.516 kr.', NULL, NULL),
(87, 11, 35, 3, 2, 15, NULL, NULL, NULL, 1, NULL, NULL, 1, 'bilbasen', 'Hyundai Kona 39 EV Essential 5d', 134900, '', '', '5/2022', 28000, 2022, NULL, '136 hk/395 nm', '155 km/t', '9,9 sek.', NULL, NULL, NULL, '1.510 kg', '-', NULL, NULL, '840 kr. / år', NULL, '332 liter', '180 cm', '39,0 kWh', '(WLTP) 305 km', '150 Wh/km', '-', '-', '-', NULL, NULL, NULL, NULL, '260.815 kr.', NULL, NULL),
(88, 19, NULL, 2, 10, 1, 2, NULL, NULL, 1, NULL, NULL, 1, 'bilbasen', 'Peugeot 3008 1,6 HDi 110 Premium 5d', 29995, '', '', '6/2010', 336000, 2010, NULL, '110 hk/240 nm', '180 km/t', '12,2 sek.', '(NEDC) 19,6 km/l', '135 g/km', '-', '1.400 kg', '1.300 kg', NULL, NULL, '4.720 kr. / år', NULL, '-', '184 cm', NULL, NULL, NULL, NULL, NULL, NULL, NULL, NULL, 6, NULL, '319.992 kr.', '6/2010', NULL),
(89, NULL, NULL, 3, 6, 9, NULL, NULL, NULL, 1, NULL, NULL, 1, 'bilbasen', 'Polestar 2 Long Range 5d', 239900, '', '', '9/2023', 52000, 2023, NULL, '231 hk/330 nm', '160 km/t', '7,4 sek.', NULL, NULL, NULL, '2.069 kg', '1.500 kg', NULL, NULL, '840 kr. / år', NULL, '405 liter', '180 cm', '78,0 kWh', '(WLTP) 518 km', '170 Wh/km', '-', '-', '-', NULL, NULL, NULL, NULL, '390.920 kr.', NULL, NULL),
(90, 2, 11, 3, 12, 21, NULL, NULL, NULL, 1, NULL, NULL, 1, 'bilbasen', 'BMW iX xDrive40 M-Sport 5d', 429990, '', '', '9/2022', 63000, 2022, NULL, '326 hk/630 nm', '200 km/t', '6,1 sek.', NULL, NULL, NULL, '2.440 kg', '2.500 kg', NULL, NULL, '840 kr. / år', NULL, '500 liter', '197 cm', '71,0 kWh', '(WLTP) 425 km', '194 Wh/km', '-', '-', '-', NULL, NULL, NULL, NULL, '-', NULL, NULL),
(91, 1, 5, 3, 2, 15, NULL, NULL, NULL, 1, NULL, NULL, 1, 'bilbasen', 'Audi Q4 e-tron 45 Progress 5d', 394900, '', '', '5/2025', 6000, 2025, NULL, '286 hk/545 nm', '180 km/t', '6,7 sek.', NULL, NULL, NULL, '2.145 kg', '1.000 kg', NULL, NULL, '840 kr. / år', NULL, '520 liter', '187 cm', '76,6 kWh', '(WLTP) 551 km', '165 Wh/km', '-', '-', '-', NULL, NULL, NULL, NULL, '395.510 kr.', NULL, NULL),
(92, 2, 9, 2, 13, 12, 2, NULL, NULL, 1, NULL, NULL, 1, 'bilbasen', 'BMW 320d 2,0 4d', 79900, '', '', '5/2015', 385000, 2015, NULL, '184 hk/380 nm', '235 km/t', '7,5 sek.', '(NEDC) 22,2 km/l', '120 g/km', '-', '1.395 kg', '1.600 kg', NULL, NULL, '3.800 kr. / år', NULL, '-', '181 cm', NULL, NULL, NULL, NULL, NULL, NULL, NULL, NULL, 6, NULL, '497.978 kr.', NULL, NULL),
(93, 18, 62, 1, 6, 1, 1, NULL, NULL, 1, NULL, NULL, 1, 'bilbasen', 'Opel Insignia 2,0 T 260 OPC Line Grand Sport aut. 4x4 5d', 178900, '', '', '3/2018', 123000, 2018, NULL, '260 hk/400 nm', '250 km/t', '7,3 sek.', '(NEDC) 11,6 km/l', '197 g/km', '-', '1.733 kg', '2.200 kg', NULL, NULL, '7.580 kr. / år', NULL, '490 liter', '186 cm', NULL, NULL, NULL, NULL, NULL, NULL, NULL, NULL, 8, NULL, '-', NULL, NULL),
(94, 25, 96, 2, 11, 1, 1, NULL, NULL, 1, NULL, NULL, 1, 'bilbasen', 'Smart Fortwo Coupé 0,8 CDi Carlsson aut. 3d', 29900, '', '', '10/2009', 208935, 2009, NULL, '45 hk/110 nm', '135 km/t', '19,8 sek.', '(NEDC) 29,4 km/l', '90 g/km', '-', '770 kg', '-', NULL, NULL, '2.040 kr. / år', NULL, '-', '156 cm', NULL, NULL, NULL, NULL, NULL, NULL, NULL, NULL, 5, NULL, '-', NULL, NULL),
(95, 29, 113, 2, 14, 24, 1, NULL, NULL, 1, NULL, NULL, 1, 'bilbasen', 'VW Golf VII 1,6 TDi 115 IQ.Drive Variant DSG 5d', 149900, '', '', '5/2019', 110000, 2019, NULL, '115 hk/250 nm', '200 km/t', '10,7 sek.', '(WLTP) 18,8 km/l', '119 g/km', '-', '1.395 kg', '1.500 kg', NULL, NULL, '3.220 kr. / år', NULL, '605 liter', '179 cm', NULL, NULL, NULL, NULL, NULL, NULL, NULL, NULL, 7, NULL, '318.593 kr.', NULL, NULL),
(96, 11, 34, 3, 6, 1, NULL, NULL, NULL, 1, NULL, NULL, 1, 'bilbasen', 'Hyundai Ioniq 5 58 Essential AWD 5d', 199800, '', '', '10/2021', 35600, 2022, NULL, '235 hk/-', '185 km/t', '-', NULL, NULL, NULL, '2.015 kg', '1.600 kg', NULL, NULL, '840 kr. / år', NULL, '499 liter', '189 cm', '54,0 kWh', '(WLTP) 360 km', '181 Wh/km', '17 min', '175 kW', '11,0 kW', NULL, NULL, NULL, NULL, '-', NULL, NULL),
(97, 28, 106, 4, 12, 13, 1, NULL, NULL, 1, NULL, NULL, 1, 'bilbasen', 'Toyota RAV4 2,5 Hybrid H3 Business MDS 5d', 274900, '', '', '8/2019', 95000, 2019, NULL, '218 hk/279 nm', '180 km/t', '8,4 sek.', '(WLTP) 17,9 km/l', '112 g/km', '6', '1.725 kg', '800 kg', NULL, NULL, '1.360 kr. / år', NULL, '580 liter', '186 cm', '-', '-', '-', NULL, NULL, NULL, NULL, NULL, 1, NULL, '-', NULL, NULL),
(98, 2, 8, 1, 3, 24, 2, NULL, NULL, 1, NULL, NULL, 1, 'bilbasen', 'BMW 320Ci 2,2 Cabriolet 2d', 40000, '', '', '10/2001', 225000, 2001, NULL, '170 hk/210 nm', '222 km/t', '8,8 sek.', '(NEDC) 10,6 km/l', '217 g/km', '-', '1.495 kg', '1.600 kg', NULL, NULL, '8.340 kr. / år', NULL, '-', '176 cm', NULL, NULL, NULL, NULL, NULL, NULL, NULL, NULL, 5, NULL, '650.000 kr.', NULL, NULL),
(99, 24, 92, 1, 2, 22, 2, NULL, NULL, 1, NULL, NULL, 1, 'bilbasen', 'Skoda Kamiq 1,0 TSi 110 Dynamic 5d', 167000, '', '', '3/2021', 105000, 2021, NULL, '110 hk/200 nm', '195 km/t', '9,9 sek.', '(WLTP) 18,2 km/l', '124 g/km', '-', '1.231 kg', '1.200 kg', NULL, NULL, '1.460 kr. / år', NULL, '400 liter', '179 cm', NULL, NULL, NULL, NULL, NULL, NULL, NULL, NULL, 6, NULL, '223.815 kr.', NULL, NULL),
(100, 11, 35, 3, 2, 18, NULL, NULL, NULL, 1, NULL, NULL, 1, 'bilbasen', 'Hyundai Kona 64 EV Advanced 5d', 199800, '', '', '9/2022', 17000, 2022, NULL, '204 hk/395 nm', '167 km/t', '7,9 sek.', NULL, NULL, NULL, '1.660 kg', '300 kg', NULL, NULL, '840 kr. / år', NULL, '332 liter', '180 cm', '64,0 kWh', '(WLTP) 484 km', '147 Wh/km', '-', '-', '-', NULL, NULL, NULL, NULL, '310.815 kr.', NULL, NULL),
(101, 1, 3, 6, 13, 21, 1, 2, 1, 1, 1, 1, 2, 'dba', 'Audi A6', 205000, '', '', '05.10.2020', 112000, 2020, '2 l', '367 Hk', NULL, NULL, NULL, '28 g/km', NULL, '2.085 kg', '2.000 kg', 4, 5, NULL, 'WAUZZZF23MN008884', '360 l', NULL, '12 kWh', '67 km', NULL, NULL, NULL, NULL, NULL, '28.11.2023', NULL, NULL, NULL, NULL, 'Sort'),
(102, 14, 47, 1, 8, 10, 3, 3, 1, 1, NULL, 1, 2, 'dba', 'Mazda 2', 14000, '', '', '04.09.2008', 141261, 2008, '1,3 l', '86 Hk', NULL, NULL, NULL, '124 g/km', NULL, '930 kg', '900 kg', 5, 5, NULL, 'JMZDE14J200188363', NULL, NULL, NULL, NULL, NULL, NULL, NULL, NULL, NULL, '26.11.2024', NULL, NULL, NULL, NULL, NULL),
(103, 12, 44, 2, 8, 8, 3, 3, 1, 1, NULL, 1, 2, 'dba', 'Kia Venga', 19900, '', '', '15.03.2012', 244000, 2012, '1,4 l', '90 Hk', NULL, NULL, NULL, '113 g/km', NULL, '1.272 kg', '1.300 kg', 5, 5, NULL, 'U5YEH813ACL013870', NULL, NULL, NULL, NULL, NULL, NULL, NULL, NULL, '14.03.2026', '18.03.2024', NULL, NULL, NULL, NULL, NULL),
(104, 29, 117, 2, 1, 10, 1, 3, 1, 1, 6, 1, 2, 'dba', 'VW Lupo', 25000, '', '', '26.03.2003', 277600, 2003, '1,2 l', '61 Hk', NULL, NULL, NULL, '79 g/km', NULL, '825 kg', NULL, 3, 4, NULL, 'WVWZZZ6EZ3W002253', '130 l', NULL, NULL, NULL, NULL, NULL, NULL, NULL, NULL, '20.06.2025', NULL, 3, NULL, NULL, 'Pistacie'),
(105, 12, 39, 2, 10, 3, 1, 3, 1, 1, NULL, 1, 2, 'dba', 'Kia Carnival', 27500, '', '', '07.02.2007', 295300, 2007, '2,9 l', '185 Hk', NULL, NULL, NULL, '239 g/km', NULL, '2.089 kg', '2.000 kg', 5, 6, NULL, 'KNEMB754376138496', NULL, NULL, NULL, NULL, NULL, NULL, NULL, NULL, '13.01.2027', '13.01.2025', NULL, 2, NULL, NULL, 'lysblå metal'),
(106, 19, 69, 1, 8, NULL, 3, 3, 1, 1, NULL, 1, 2, 'dba', 'Peugeot 207', 39999, '', '', '22.07.2011', 111000, 2011, '1.598 l', '156 Hk', NULL, NULL, NULL, '157 g/km', NULL, '1.278 kg', '1.150 kg', 5, NULL, NULL, 'VF3WC5FR8BW028271', NULL, NULL, NULL, NULL, NULL, NULL, NULL, NULL, NULL, NULL, NULL, NULL, NULL, NULL, NULL),
(107, 19, 67, 1, 8, NULL, 3, 3, 1, 1, NULL, 1, 2, 'dba', 'Peugeot 107', 29999, '', '', '14.01.2014', 151000, 2014, '998 l', '68 Hk', NULL, NULL, NULL, '99 g/km', NULL, '905 kg', NULL, 5, NULL, NULL, 'VF3PNCFB4DR080925', NULL, NULL, NULL, NULL, NULL, NULL, NULL, NULL, NULL, NULL, NULL, NULL, NULL, NULL, NULL),
(108, 19, 67, 1, 8, NULL, 3, 3, 1, 1, NULL, 1, 2, 'dba', 'Peugeot 107', 29999, '', '', '20.01.2014', 149000, 2014, '998 l', '68 Hk', NULL, NULL, NULL, '99 g/km', NULL, '905 kg', NULL, 5, NULL, NULL, 'VF3PNCFB4DR086032', NULL, NULL, NULL, NULL, NULL, NULL, NULL, NULL, NULL, NULL, NULL, NULL, NULL, NULL, NULL),
(109, 19, 71, 1, 3, NULL, 3, 3, 1, 1, NULL, 1, 2, 'dba', 'Peugeot 307', 24900, '', '', '08.05.2007', 210000, 2007, '1.997 l', '143 Hk', NULL, NULL, NULL, '187 g/km', NULL, '1.443 kg', '1.320 kg', 2, NULL, NULL, 'VF33BRFJC84916138', NULL, NULL, NULL, NULL, NULL, NULL, NULL, NULL, NULL, NULL, NULL, NULL, NULL, NULL, NULL),
(110, 4, 14, 1, 8, NULL, 3, 3, 1, 1, NULL, 1, 2, 'dba', 'Citroën C1', 37900, '', '', '27.02.2012', 103000, 2012, '998 l', '68 Hk', NULL, NULL, NULL, '104 g/km', NULL, '775 kg', NULL, 5, NULL, NULL, 'VF7PNCFB489612847', NULL, NULL, NULL, NULL, NULL, NULL, NULL, NULL, NULL, NULL, NULL, NULL, NULL, NULL, NULL),
(111, 4, 16, 1, 8, 12, 1, 3, 1, 1, NULL, 1, 2, 'dba', 'Citroen C4 Cactus', 49999, '', '', '27.11.2014', 208000, 2014, '1,2 l', '82 Hk', NULL, NULL, NULL, '98 g/km', NULL, '975 kg', '725 kg', 5, 5, NULL, 'VF70PHMZBEE524942', NULL, NULL, NULL, NULL, NULL, NULL, NULL, NULL, '24.05.2027', '22.05.2025', NULL, NULL, NULL, NULL, NULL),
(112, 15, 52, 2, 13, 8, 1, 1, 1, 1, 11, 1, 2, 'dba', 'Mercedes E350 d', 138000, '', '', '07.07.2016', 319000, 2016, '2.987 l', '258 Hk', NULL, NULL, NULL, NULL, NULL, NULL, NULL, 5, 5, NULL, NULL, NULL, NULL, NULL, NULL, NULL, NULL, NULL, NULL, NULL, NULL, NULL, 2, NULL, NULL, 'Grau metallic'),
(113, 19, 72, 2, 8, NULL, 3, 3, 1, 1, NULL, 1, 2, 'dba', 'Peugeot 308', 99900, '', '', '18.06.2019', 127000, 2019, '1.499 l', '130 Hk', NULL, NULL, NULL, '102 g/km', NULL, '1.155 kg', '1.500 kg', 5, NULL, NULL, 'VF3LBYHZPKS218685', '420 l', NULL, NULL, NULL, NULL, NULL, NULL, NULL, NULL, NULL, NULL, NULL, NULL, NULL, NULL),
(114, 28, 103, 1, 1, 8, 3, 3, 1, 1, 13, 1, 2, 'dba', 'Toyota Aygo', 99000, '', '', '09.06.2021', 44000, 2021, '1 l', '72 Hk', NULL, NULL, NULL, '118 g/km', NULL, '860 kg', NULL, 5, 4, NULL, 'JTDKGNEC90N644247', '168 l', NULL, NULL, NULL, NULL, NULL, NULL, NULL, NULL, '26.08.2025', NULL, 2, NULL, NULL, NULL),
(115, 29, 119, 1, 8, 8, 3, 3, 1, 1, NULL, 1, 2, 'dba', 'VW Polo', 14000, '', '', '08.06.2006', 209500, 2006, '1,4 l', '75 Hk', NULL, NULL, NULL, '148 g/km', NULL, '996 kg', '1.000 kg', 5, 5, NULL, 'WVWZZZ9NZ6D068636', NULL, NULL, NULL, NULL, NULL, NULL, NULL, NULL, NULL, '08.07.2025', NULL, NULL, NULL, NULL, 'Koks'),
(116, 29, 124, 1, 1, 21, 3, 3, 1, 1, 12, 1, 2, 'dba', 'VW UP!', 43500, '', '', '29.10.2015', 205000, 2016, '1 l', '60 Hk', NULL, NULL, NULL, '94 g/km', NULL, '829 kg', NULL, 3, 4, NULL, 'WVWZZZAAZGD038351', NULL, NULL, NULL, NULL, NULL, NULL, NULL, NULL, NULL, '31.03.2025', NULL, NULL, NULL, NULL, NULL),
(117, 22, 80, 1, 10, 23, 3, 3, 1, 1, 13, 1, 2, 'dba', 'Renault Grand Scenic I', 19999, '', '', '26.10.2006', 283000, 2006, '2 l', '135 Hk', NULL, NULL, NULL, '188 g/km', NULL, '1.455 kg', '1.300 kg', 5, 7, NULL, 'VF1JM0UD636391667', NULL, NULL, NULL, NULL, NULL, NULL, NULL, NULL, '01.07.2027', '01.07.2025', NULL, NULL, NULL, NULL, 'Metallic'),
(118, 19, 70, 1, 8, 8, 3, 3, 1, 1, 7, 1, 2, 'dba', 'Peugeot 208', 134500, '', '', '13.02.2023', 36500, 2023, '1,2 l', '100 Hk', NULL, NULL, NULL, '114 g/km', NULL, '1.195 kg', '1.200 kg', 5, 5, NULL, 'VR3UPHNEKN5933561', '265 l', NULL, NULL, NULL, NULL, NULL, NULL, NULL, '13.02.2027', NULL, NULL, 1, NULL, NULL, 'Koksgrå metalik'),
(119, 13, 46, 3, 1, 8, 1, 3, 1, 1, NULL, 1, 2, 'dba', 'MINI Cooper SE', 160000, '', '', '13.06.2023', 15600, 2023, NULL, '184 Hk', NULL, NULL, NULL, NULL, NULL, '1.340 kg', NULL, 3, 4, NULL, 'WMW11DJ0X02U65992', '211 l', NULL, '29 kWh', '228 km', NULL, NULL, NULL, NULL, NULL, '12.08.2025', NULL, NULL, NULL, NULL, NULL),
(120, 4, 15, 1, 8, 12, 3, 3, 1, 1, NULL, 1, 2, 'dba', 'Citroen C3', 15000, '', '', '31.10.2016', 134000, 2016, NULL, '82 Hk', NULL, NULL, NULL, NULL, NULL, NULL, NULL, 5, 5, NULL, 'VF7SCHMZ6GW649030', NULL, NULL, NULL, NULL, NULL, NULL, NULL, NULL, '21.10.2026', '21.10.2024', NULL, NULL, NULL, NULL, NULL),
(121, 18, 59, 1, 8, 8, 3, 3, 1, 1, NULL, 1, 2, 'dba', 'Opel Astra', 18000, '', '', '29.12.2008', 280000, 2008, '1,6 l', '180 Hk', NULL, NULL, NULL, '176 g/km', NULL, '1.285 kg', '1.500 kg', 5, 5, NULL, 'W0L0AHL3592043474', NULL, NULL, NULL, NULL, NULL, NULL, NULL, NULL, '17.12.2026', '04.12.2024', NULL, NULL, NULL, NULL, NULL),
(122, 29, 119, 2, 8, 23, 3, 3, 1, 1, NULL, 1, 2, 'dba', 'VW Polo', 35000, '', '', '19.08.2009', 278000, 2009, '1,6 l', '105 Hk', NULL, NULL, NULL, '111 g/km', NULL, '1.165 kg', '1.200 kg', 5, 5, NULL, 'WVWZZZ6RZAY026717', NULL, NULL, NULL, NULL, NULL, NULL, NULL, NULL, NULL, '16.09.2025', NULL, NULL, NULL, NULL, NULL),
(123, 29, 111, 1, 8, 21, 3, 3, 1, 1, NULL, 1, 2, 'dba', 'VW Golf IV', 10500, '', '', '19.09.2002', 408534, 2002, '2 l', '115 Hk', NULL, NULL, NULL, '183 g/km', NULL, '1.075 kg', '1.200 kg', 5, 5, NULL, 'WVWZZZ1JZ3W185030', NULL, NULL, NULL, NULL, NULL, NULL, NULL, NULL, NULL, '29.07.2024', NULL, NULL, NULL, NULL, NULL),
(124, 4, 15, 2, 8, 21, 1, 3, 1, 1, NULL, 1, 2, 'dba', 'Citroen C3', 15000, '', '', '13.04.2012', 330000, 2012, '1,4 l', '70 Hk', NULL, NULL, NULL, '90 g/km', NULL, '1.220 kg', '700 kg', 5, 5, NULL, 'VF7SC8HR4CA522148', NULL, NULL, NULL, NULL, NULL, NULL, NULL, NULL, '22.04.2027', '16.04.2024', NULL, NULL, NULL, NULL, NULL),
(125, 26, 98, 1, 1, 23, 3, 3, 1, 1, NULL, 1, 2, 'dba', 'Suzuki Ignis', 8000, '', '', '15.08.2005', 262000, 2005, '1,5 l', '99 Hk', NULL, NULL, NULL, '154 g/km', NULL, '950 kg', '800 kg', 5, 5, NULL, 'TSMMHX81S00219305', NULL, NULL, NULL, NULL, NULL, NULL, NULL, NULL, NULL, '22.05.2025', NULL, NULL, NULL, NULL, NULL),
(126, 9, 31, 2, 8, 21, 1, 3, 1, 1, 4, 1, 2, 'dba', 'Ford Mondeo', 14900, '', '', '22.05.2008', 440000, 2008, '2 l', '140 Hk', NULL, NULL, NULL, '188 g/km', NULL, '1.480 kg', '2.000 kg', 5, 5, NULL, 'WF0GXXGBBG8G21775', NULL, NULL, NULL, NULL, NULL, NULL, NULL, NULL, '02.09.2027', '09.09.2025', NULL, NULL, NULL, NULL, NULL),
(127, 29, 121, 2, 2, 5, 3, 3, 1, 1, 9, 1, 2, 'dba', 'VW T-Roc', 139900, '', '', '10.05.2019', 173000, 2019, '1.598 l', '115 Hk', NULL, NULL, NULL, '104 g/km', NULL, '1.295 kg', '1.500 kg', 5, NULL, NULL, 'WVGZZZA1ZKV103183', '445 l', NULL, NULL, NULL, NULL, NULL, NULL, NULL, NULL, NULL, NULL, NULL, NULL, NULL, NULL),
(128, 8, 24, 1, 13, 21, 3, 3, 1, 1, NULL, 1, 2, 'dba', 'Fiat Croma', 35000, '', '', '19.10.1994', 326901, 1994, NULL, NULL, NULL, NULL, NULL, NULL, NULL, NULL, NULL, NULL, 5, NULL, 'ZFA15400000423234', NULL, NULL, NULL, NULL, NULL, NULL, NULL, NULL, NULL, '20.06.2025', NULL, NULL, NULL, NULL, NULL),
(129, 9, 30, 1, 9, 8, 1, 3, 1, 1, 9, 1, 2, 'dba', 'Ford Focus', 79900, '', '', '12.12.2016', 165000, 2017, '999 l', '125 Hk', NULL, NULL, NULL, '127 g/km', NULL, '1.345 kg', '1.200 kg', 5, NULL, NULL, 'WF06XXGCC6GS47615', NULL, NULL, NULL, NULL, NULL, NULL, NULL, NULL, NULL, NULL, NULL, NULL, NULL, NULL, NULL),
(130, 1, 1, 1, 15, 3, 3, 2, 1, 1, NULL, 1, 2, 'dba', 'Audi 100', 25000, '', '', NULL, 999999, 1990, '2,3 l', NULL, NULL, NULL, NULL, NULL, NULL, NULL, NULL, NULL, 5, NULL, NULL, NULL, NULL, NULL, NULL, NULL, NULL, NULL, NULL, NULL, NULL, NULL, NULL, NULL, NULL, NULL),
(131, 3, 13, 1, 1, 12, 3, 3, 1, 1, 11, 1, 2, 'dba', 'Chevrolet Spark', 17000, '', '', '21.01.2013', 210000, 2013, '20 l', '82 Hk', NULL, NULL, NULL, NULL, NULL, NULL, NULL, 5, 5, NULL, 'KL1MF48D9DC534515', NULL, NULL, NULL, NULL, NULL, NULL, NULL, NULL, '25.02.2027', '22.01.2025', NULL, NULL, NULL, NULL, NULL),
(132, 29, 120, 1, 8, 21, 3, 3, 1, 1, NULL, 1, 2, 'dba', 'VW Polo Cross', 37500, '', '', '06.12.2006', 140000, 2006, '1,4 l', '80 Hk', NULL, NULL, NULL, '153 g/km', NULL, '1.092 kg', '800 kg', 5, 5, NULL, 'WVWZZZ9NZ7D017637', NULL, NULL, NULL, NULL, NULL, NULL, NULL, NULL, NULL, '15.08.2025', NULL, NULL, NULL, NULL, NULL),
(133, 18, 66, 2, 10, 8, 3, 3, 1, 1, NULL, 1, 2, 'dba', 'Opel Zafira', 35000, '', '', '15.06.2012', 231300, 2012, '1,7 l', '125 Hk', NULL, NULL, NULL, '135 g/km', NULL, '1.500 kg', '1.400 kg', 5, 7, NULL, 'W0L0AHM75C2084414', NULL, NULL, NULL, NULL, NULL, NULL, NULL, NULL, '09.06.2026', '09.07.2024', NULL, NULL, NULL, NULL, NULL),
(134, 24, 90, 1, 1, 21, 3, 3, 1, 1, NULL, 1, 2, 'dba', 'Skoda Citigo', 42000, '', '', '10.10.2013', 186000, 2014, '1 l', '60 Hk', NULL, NULL, NULL, '103 g/km', NULL, '929 kg', NULL, 5, 4, NULL, 'TMBZZZAAZED613762', NULL, NULL, NULL, NULL, NULL, NULL, NULL, NULL, NULL, '09.09.2025', NULL, NULL, NULL, NULL, NULL),
(135, 26, 100, 1, 8, 21, 3, 3, 1, 1, 5, 1, 2, 'dba', 'Suzuki Splash', 23900, '', '', '31.03.2010', 185000, 2010, '996 l', '65 Hk', NULL, NULL, NULL, '115 g/km', NULL, '950 kg', NULL, 5, NULL, NULL, 'TSMEXB22S00211883', NULL, NULL, NULL, NULL, NULL, NULL, NULL, NULL, NULL, NULL, NULL, NULL, NULL, NULL, NULL),
(136, 28, 107, 1, 8, 3, 3, 3, 1, 1, NULL, 1, 2, 'dba', 'Toyota Yaris', 17950, '', '', '07.08.2008', 240000, 2008, '1,3 l', '87 Hk', NULL, NULL, NULL, '137 g/km', NULL, '995 kg', '900 kg', 5, 5, NULL, 'VNKKL96320A320427', NULL, NULL, NULL, NULL, NULL, NULL, NULL, NULL, '25.08.2027', '03.11.2025', NULL, NULL, NULL, NULL, NULL),
(137, 19, 68, 1, 15, 23, 3, 3, 1, 1, 3, 1, 2, 'dba', 'Peugeot 206', 12800, '', '', '11.10.2002', 219000, 2002, '1.400 l', '75 Hk', NULL, NULL, NULL, '148 g/km', NULL, '974 kg', '925 kg', 5, NULL, NULL, 'VF32AKFWF42656913', NULL, NULL, NULL, NULL, NULL, NULL, NULL, NULL, NULL, NULL, NULL, NULL, NULL, NULL, NULL),
(138, 24, 91, 3, 2, 12, 1, 1, 1, 1, 9, 1, 2, 'dba', 'Skoda Enyaq', 224400, '', '', '27.05.2021', 135000, 2021, NULL, '204 Hk', NULL, NULL, NULL, NULL, NULL, '2.042 kg', '1.000 kg', 5, NULL, NULL, NULL, '585 l', NULL, '77 kWh', '536 km', NULL, NULL, NULL, NULL, NULL, NULL, NULL, NULL, NULL, NULL, NULL),
(139, 11, 38, 2, 8, 21, 3, 3, 1, 1, NULL, 1, 2, 'dba', 'Hyundai i30', 29900, '', '', '07.05.2015', 280000, 2015, '1,6 l', '110 Hk', NULL, NULL, NULL, '95 g/km', NULL, '1.410 kg', '1.500 kg', 5, 4, NULL, 'TMAD251UAFJ256201', NULL, NULL, NULL, NULL, NULL, NULL, NULL, NULL, NULL, '22.01.2025', NULL, NULL, NULL, NULL, NULL),
(140, 21, 75, 1, 5, 21, 3, 1, 1, 1, 2, 1, 2, 'dba', 'Porsche Cayman', 319900, '', '', '29.12.2006', 203000, 2006, '2.687 l', '245 Hk', NULL, NULL, NULL, NULL, NULL, '1.300 kg', NULL, 2, NULL, NULL, 'WP0ZZZ98Z7U750593', NULL, NULL, NULL, NULL, NULL, NULL, NULL, NULL, NULL, NULL, NULL, NULL, NULL, NULL, NULL),
(141, 26, 101, 1, 8, 23, 3, 3, 1, 1, 10, 1, 2, 'dba', 'Suzuki Swift', 25800, '', '', '25.06.2009', 162000, 2009, '1.300 l', '92 Hk', NULL, NULL, NULL, '134 g/km', NULL, '952 kg', '1.000 kg', 5, NULL, NULL, 'TSMMZC11S00608788', NULL, NULL, NULL, NULL, NULL, NULL, NULL, NULL, NULL, NULL, NULL, NULL, NULL, NULL, NULL),
(142, 29, 122, 1, 12, 8, 1, 2, 1, 1, 11, 1, 2, 'dba', 'VW Tiguan', 204900, '', '', '19.08.2018', 114000, 2018, '1.395 l', '150 Hk', NULL, NULL, NULL, NULL, NULL, '1.492 kg', '2.000 kg', 5, NULL, NULL, 'WVGZZZ5NZJW415168', '520 l', NULL, NULL, NULL, NULL, NULL, NULL, NULL, NULL, NULL, NULL, NULL, NULL, NULL, NULL),
(143, 9, 29, 1, 8, 21, 3, 3, 1, 1, 11, 1, 2, 'dba', 'Ford Fiesta', 49900, '', '', '24.06.2014', 193000, 2014, '999 l', '100 Hk', NULL, NULL, NULL, '99 g/km', NULL, '954 kg', '900 kg', 5, NULL, NULL, 'WF0DXXGAKDET30653', NULL, NULL, NULL, NULL, NULL, NULL, NULL, NULL, NULL, NULL, NULL, NULL, NULL, NULL, NULL),
(144, 29, 108, 1, 8, 21, 3, 3, 1, 1, NULL, 1, 2, 'dba', 'VW', 55000, '', '', '06.03.2012', 193000, 2012, NULL, NULL, NULL, NULL, NULL, NULL, NULL, NULL, NULL, 5, 5, NULL, NULL, NULL, NULL, NULL, NULL, NULL, NULL, NULL, NULL, NULL, '16.08.2024', NULL, 3, NULL, NULL, NULL),
(145, 22, 83, 2, 8, 12, 3, 3, 1, 1, 11, 1, 2, 'dba', 'Renault Megane IV', 74900, '', '', '01.11.2016', 208000, 2016, '1.461 l', '110 Hk', NULL, NULL, NULL, NULL, NULL, '1.180 kg', '1.650 kg', 5, NULL, NULL, 'VF1RFB00856146991', NULL, NULL, NULL, NULL, NULL, NULL, NULL, NULL, NULL, NULL, NULL, NULL, NULL, NULL, NULL),
(146, 29, 115, 3, 2, 8, 1, 1, 1, 1, 9, 1, 2, 'dba', 'VW ID.4', 234300, '', '', '02.06.2021', 66000, 2021, NULL, '204 Hk', NULL, NULL, NULL, NULL, NULL, '2.085 kg', '1.000 kg', 5, NULL, NULL, NULL, '543 l', NULL, '77 kWh', '490 km', NULL, NULL, NULL, NULL, NULL, NULL, NULL, NULL, NULL, NULL, NULL),
(147, 15, 48, 2, 15, 21, 1, 3, 1, 1, 11, 1, 2, 'dba', 'Mercedes CLA200 d', 179900, '', '', '13.07.2017', 175000, 2017, '2.143 l', '136 Hk', NULL, NULL, NULL, NULL, NULL, '1.555 kg', '1.500 kg', 5, NULL, NULL, 'WDD1179081N546839', NULL, NULL, NULL, NULL, NULL, NULL, NULL, NULL, NULL, NULL, NULL, NULL, NULL, NULL, NULL),
(148, 28, 103, 1, 1, 21, 3, 3, 1, 1, NULL, 1, 2, 'dba', 'Toyota Aygo', 17900, '', '', '19.10.2009', 199300, 2009, '1 l', '68 Hk', NULL, NULL, NULL, '103 g/km', NULL, '825 kg', NULL, 5, 4, NULL, 'JTDKG10C30N411111', NULL, NULL, NULL, NULL, NULL, NULL, NULL, NULL, '09.12.2025', '20.11.2023', NULL, NULL, NULL, NULL, NULL),
(149, 22, 77, 1, 2, 2, 1, 3, 1, 1, 11, 1, 2, 'dba', 'Renault Captur', 144900, '', '', '18.03.2020', 65000, 2020, '1.330 l', '130 Hk', NULL, NULL, NULL, NULL, NULL, '1.234 kg', '1.500 kg', 5, NULL, NULL, 'VF1RJB00964687897', '406 l', NULL, NULL, NULL, NULL, NULL, NULL, NULL, NULL, NULL, NULL, NULL, NULL, NULL, NULL),
(150, 29, 123, 2, 10, 8, 1, 3, 1, 1, 10, 1, 2, 'dba', 'VW Touran', 159900, '', '', '01.12.2016', 213000, 2017, '1.968 l', '150 Hk', NULL, NULL, NULL, NULL, NULL, '1.471 kg', '1.800 kg', 5, NULL, NULL, 'WVGZZZ1TZHW049594', NULL, NULL, NULL, NULL, NULL, NULL, NULL, NULL, NULL, NULL, NULL, NULL, NULL, NULL, NULL),
(151, 22, 79, 2, 8, NULL, 3, 3, 1, 1, NULL, 1, 2, 'dba', 'Renault Clio IV', 44800, '', '', '01.01.2016', 199000, 2015, '1.461 l', '75 Hk', NULL, NULL, NULL, '85 g/km', NULL, '1.146 kg', '1.200 kg', 5, NULL, NULL, 'VF15REF0A54165977', '300 l', NULL, NULL, NULL, NULL, NULL, NULL, NULL, NULL, NULL, NULL, NULL, NULL, NULL, NULL),
(152, 17, 58, 1, 2, 19, 3, 3, 1, 1, 15, 1, 2, 'dba', 'Nissan Qashqai', 159000, '', '', '26.08.2019', 55000, 2018, '1,3 l', '140 Hk', NULL, NULL, NULL, '119 g/km', NULL, NULL, '1.300 kg', 5, 5, NULL, 'SJNFFAJ11U2473243', NULL, NULL, NULL, NULL, NULL, NULL, NULL, NULL, NULL, '14.11.2025', NULL, NULL, NULL, NULL, NULL),
(153, 4, 14, 1, 8, 23, 3, 3, 1, 1, 10, 1, 2, 'dba', 'Citroën C1', 11800, '', '', '30.10.2007', 206000, 2007, '998 l', '68 Hk', NULL, NULL, NULL, '106 g/km', NULL, '775 kg', NULL, 5, NULL, NULL, 'VF7PNCFAC89181688', NULL, NULL, NULL, NULL, NULL, NULL, NULL, NULL, NULL, NULL, NULL, NULL, NULL, NULL, NULL),
(154, 10, 33, 1, 12, 19, 1, 2, 1, 1, 11, 1, 2, 'dba', 'Honda CR-V', 249900, '', '', '04.04.2019', 97700, 2019, '1.498 l', '193 Hk', NULL, NULL, NULL, NULL, NULL, '1.669 kg', '1.500 kg', 5, NULL, NULL, 'JHMRW2880KX210076', '561 l', NULL, NULL, NULL, NULL, NULL, NULL, NULL, NULL, NULL, NULL, NULL, NULL, NULL, NULL),
(155, 30, 129, 5, 15, 21, 1, 2, 1, 1, 2, 1, 2, 'dba', 'Volvo V60', 349780, '', '', '22.06.2021', 60000, 2021, '1.969 l', '340 Hk', NULL, NULL, NULL, '42 g/km', NULL, '1.975 kg', '2.000 kg', 5, NULL, NULL, 'YV1ZWBFVDM1449311', '529 l', NULL, '9 kWh', '55 km', NULL, NULL, NULL, NULL, NULL, NULL, NULL, NULL, NULL, NULL, NULL),
(156, 29, 123, 2, 8, 12, 1, 3, 1, 1, 5, 1, 2, 'dba', 'VW Touran', 47900, '', '', '13.01.2011', 415000, 2011, '2 l', '170 Hk', NULL, NULL, NULL, '151 g/km', NULL, '1.513 kg', '1.600 kg', 5, 7, NULL, 'WVGZZZ1TZBW044170', NULL, NULL, NULL, NULL, NULL, NULL, NULL, NULL, '01.11.2027', '22.10.2025', NULL, NULL, NULL, NULL, 'Hvid'),
(157, 30, 130, 1, 15, 21, 1, 3, 1, 1, 14, 1, 2, 'dba', 'Volvo V70', 8000, '', '', '16.03.2000', 387000, 2000, '2,3 l', '240 Hk', NULL, NULL, NULL, '258 g/km', NULL, '1.481 kg', '1.600 kg', 5, 5, NULL, 'YV1SW53K9Y1003243', NULL, NULL, NULL, NULL, NULL, NULL, NULL, NULL, '19.01.2026', '19.01.2024', NULL, 3, NULL, NULL, 'metal'),
(158, 4, 17, 2, 10, 8, 1, 3, 1, 1, NULL, 1, 2, 'dba', 'Citroen Grand C4 Picasso', 32000, '', '', '29.07.2010', 231000, 2010, '1,6 l', '112 Hk', NULL, NULL, NULL, '130 g/km', NULL, '1.635 kg', '1.050 kg', 5, 7, NULL, 'VF7UA9HZHAJ712696', NULL, NULL, NULL, NULL, NULL, NULL, NULL, NULL, '30.07.2026', '22.07.2024', NULL, 1, NULL, NULL, NULL),
(159, 18, 59, 1, 15, 8, 3, 3, 1, 1, NULL, 1, 2, 'dba', 'Opel Astra', 25500, '', '', '25.02.2010', 226000, 2010, NULL, NULL, NULL, NULL, NULL, NULL, NULL, NULL, NULL, 5, 5, NULL, 'W0L0AHL35A5036317', NULL, NULL, NULL, NULL, NULL, NULL, NULL, NULL, '26.11.2027', '26.11.2025', NULL, NULL, NULL, NULL, 'Metalgrå'),
(160, 19, 70, 1, 8, 19, 3, 3, 1, 1, NULL, 1, 2, 'dba', 'Peugeot 208', 41000, '', '', '23.07.2014', 129000, 2014, '1,2 l', '82 Hk', NULL, NULL, NULL, '103 g/km', NULL, '1.168 kg', '1.150 kg', 5, 5, NULL, 'VF3CCHMZ0ET056503', NULL, NULL, NULL, NULL, NULL, NULL, NULL, NULL, NULL, '31.05.2024', NULL, 2, NULL, NULL, NULL),
(161, 12, 43, 1, 12, 8, 1, 3, 1, 1, 8, 1, 2, 'dba', 'Kia Sportage', 246900, '', '', '29.03.2022', 55714, 2022, '1.598 l', '150 Hk', NULL, NULL, NULL, NULL, NULL, '1.456 kg', '1.650 kg', 5, NULL, NULL, 'U5YPV81HDNL012222', '562 l', NULL, NULL, NULL, NULL, NULL, NULL, NULL, NULL, NULL, NULL, NULL, NULL, NULL, NULL),
(162, 11, 37, 1, 8, 3, 3, 3, 1, 1, 11, 1, 2, 'dba', 'Hyundai i20', 44900, '', '', '12.10.2012', 111000, 2012, '1.248 l', '82 Hk', NULL, NULL, NULL, NULL, NULL, '1.110 kg', '850 kg', 5, NULL, NULL, 'NLHBB51BADZ146187', NULL, NULL, NULL, NULL, NULL, NULL, NULL, NULL, NULL, NULL, NULL, NULL, NULL, NULL, NULL),
(163, 4, 14, 1, 8, 3, 3, 3, 1, 1, 10, 1, 2, 'dba', 'Citroën C1', 44800, '', '', '30.11.2015', 56000, 2015, '998 l', '69 Hk', NULL, NULL, NULL, '88 g/km', NULL, '860 kg', NULL, 5, NULL, NULL, 'VF7PSCFB3FR569817', NULL, NULL, NULL, NULL, NULL, NULL, NULL, NULL, NULL, NULL, NULL, NULL, NULL, NULL, NULL),
(164, 19, 70, 2, 7, 8, 3, 3, 1, 1, 9, 1, 2, 'dba', 'Peugeot 208', 34900, '', '', '30.06.2012', 198000, 2012, '1.560 l', '92 Hk', NULL, NULL, NULL, '101 g/km', NULL, '1.042 kg', '970 kg', 3, NULL, NULL, 'VF3CA9HP0CW033866', NULL, NULL, NULL, NULL, NULL, NULL, NULL, NULL, NULL, NULL, NULL, NULL, NULL, NULL, NULL),
(165, 22, 78, 1, 8, 3, 1, 3, 1, 1, NULL, 1, 2, 'dba', 'Renault Clio III', 29800, '', '', '01.08.2007', 180000, 2007, '1.149 l', '75 Hk', NULL, NULL, NULL, '129 g/km', NULL, '1.075 kg', '925 kg', 5, NULL, NULL, 'VF1BR1E0538042489', NULL, NULL, NULL, NULL, NULL, NULL, NULL, NULL, NULL, NULL, NULL, NULL, NULL, NULL, NULL),
(166, 22, 82, 1, 8, 19, 3, 3, 1, 1, NULL, 1, 2, 'dba', 'Renault Laguna II', 10000, '', '', '01.07.2003', 83000, 2003, NULL, NULL, NULL, NULL, NULL, NULL, NULL, NULL, NULL, NULL, 5, NULL, NULL, NULL, NULL, NULL, NULL, NULL, NULL, NULL, NULL, NULL, '18.12.2023', NULL, NULL, NULL, NULL, NULL),
(167, 29, 113, 2, 15, 21, 1, 3, 1, 1, 9, 1, 2, 'dba', 'VW Golf VII', 134900, '', '', '30.04.2018', 182400, 2018, '1.968 l', '150 Hk', NULL, NULL, NULL, '120 g/km', NULL, '1.458 kg', '1.600 kg', 5, NULL, NULL, 'WVWZZZAUZJP600942', '605 l', NULL, NULL, NULL, NULL, NULL, NULL, NULL, NULL, NULL, NULL, NULL, NULL, NULL, NULL),
(168, 22, 77, 2, 2, 12, 3, 3, 1, 1, NULL, 1, 2, 'dba', 'Renault Captur', 45000, '', '', '18.01.2017', 250000, 2016, '1,5 l', '90 Hk', NULL, NULL, NULL, '95 g/km', NULL, '1.145 kg', '1.200 kg', 5, 5, NULL, 'VF12RAJ1A56600656', NULL, NULL, NULL, NULL, NULL, NULL, NULL, NULL, NULL, '13.01.2025', NULL, NULL, NULL, NULL, NULL),
(169, 24, 94, 1, 15, 19, 3, 3, 1, 1, NULL, 1, 2, 'dba', 'Skoda Octavia', 21900, '', '', '15.09.2010', 234800, 2010, '1,4 l', '122 Hk', NULL, NULL, NULL, '144 g/km', NULL, '1.255 kg', '1.200 kg', 5, 5, NULL, 'TMBHJ61Z2B2032018', NULL, NULL, NULL, NULL, NULL, NULL, NULL, NULL, NULL, '03.11.2023', NULL, NULL, NULL, NULL, NULL),
(170, 19, 70, 2, 8, 23, 1, 3, 1, 1, 9, 1, 2, 'dba', 'Peugeot 208', 59900, '', '', '02.08.2013', 179900, 2012, '1.397 l', '68 Hk', NULL, NULL, NULL, '91 g/km', NULL, '1.035 kg', '725 kg', 5, NULL, NULL, 'VF3CC8HP0DT016003', NULL, NULL, NULL, NULL, NULL, NULL, NULL, NULL, NULL, NULL, NULL, NULL, NULL, NULL, NULL),
(171, 15, 49, 2, 15, 21, 1, 1, 1, 1, 11, 1, 2, 'dba', 'Mercedes E220 d', 289900, '', '', '07.07.2017', 212000, 2017, '1.950 l', '194 Hk', NULL, NULL, NULL, '112 g/km', NULL, '1.680 kg', '2.100 kg', 5, NULL, NULL, 'WDD2132041A286751', NULL, NULL, NULL, NULL, NULL, NULL, NULL, NULL, NULL, NULL, NULL, NULL, NULL, NULL, NULL),
(172, 11, 36, 1, 8, NULL, 3, 3, 1, 1, NULL, 1, 2, 'dba', 'Hyundai i10', 29900, '', '', '21.02.2011', 109000, 2011, '1.248 l', '86 Hk', NULL, NULL, NULL, '106 g/km', NULL, '885 kg', '800 kg', 5, NULL, NULL, 'MALAN51CABM774359', NULL, NULL, NULL, NULL, NULL, NULL, NULL, NULL, NULL, NULL, NULL, NULL, NULL, NULL, NULL),
(173, 29, 123, 2, 10, 21, 1, 3, 1, 1, NULL, 1, 2, 'dba', 'VW Touran', 42499, '', '', '14.12.2012', 355300, 2013, '1,6 l', '105 Hk', NULL, NULL, NULL, '122 g/km', NULL, '1.457 kg', '1.500 kg', 5, 7, NULL, 'WVGZZZ1TZDW052682', NULL, NULL, NULL, NULL, NULL, NULL, NULL, NULL, NULL, '18.09.2025', NULL, 3, NULL, NULL, NULL),
(174, 6, 21, 3, 8, 3, 1, 1, 1, 1, NULL, 1, 2, 'dba', 'Cupra Born', 199900, '', '', '12.12.2022', 9000, 2023, NULL, '204 Hk', NULL, NULL, NULL, NULL, NULL, '1.736 kg', NULL, 5, NULL, NULL, 'VSSZZZK12PP010651', '385 l', NULL, '58 kWh', '421 km', NULL, NULL, NULL, NULL, NULL, NULL, NULL, NULL, NULL, NULL, NULL),
(175, 18, 63, 1, 10, NULL, 3, 3, 1, 1, NULL, 1, 2, 'dba', 'Opel Meriva', 45000, '', '', '14.06.2011', 116000, 2011, '1.398 l', '100 Hk', NULL, NULL, NULL, '141 g/km', NULL, '1.285 kg', '750 kg', 5, NULL, NULL, 'W0LSD9EC9B4122242', NULL, NULL, NULL, NULL, NULL, NULL, NULL, NULL, NULL, NULL, NULL, NULL, NULL, NULL, NULL),
(176, 29, 114, 3, 8, 8, 1, 1, 1, 1, 5, 1, 2, 'dba', 'VW ID.3', 154900, '', '', '31.05.2022', 76000, 2022, NULL, '204 Hk', NULL, NULL, NULL, NULL, NULL, '1.794 kg', NULL, 5, NULL, NULL, NULL, '385 l', NULL, '58 kWh', '415 km', NULL, NULL, NULL, NULL, NULL, NULL, NULL, NULL, NULL, NULL, NULL),
(177, 7, 23, 2, 8, 3, 3, 3, 1, 1, NULL, 1, 2, 'dba', 'Dacia Sandero', 34900, '', '', '16.04.2014', 211000, 2014, '1.461 l', '75 Hk', NULL, NULL, NULL, '101 g/km', NULL, '1.108 kg', '1.100 kg', 5, NULL, NULL, 'UU15SDA4550240248', NULL, NULL, NULL, NULL, NULL, NULL, NULL, NULL, NULL, NULL, NULL, NULL, NULL, NULL, NULL),
(178, 29, 118, 2, 15, 8, 3, 3, 1, 1, NULL, 1, 2, 'dba', 'VW Passat', 105000, '', '', '07.12.2015', 327000, 2016, '2 l', '190 Hk', NULL, NULL, NULL, '111 g/km', NULL, '1.590 kg', '2.100 kg', 5, 5, NULL, 'WVWZZZ3CZGE111629', NULL, NULL, NULL, NULL, NULL, NULL, NULL, NULL, NULL, '28.11.2025', NULL, NULL, NULL, NULL, 'Metalgrå'),
(179, 20, 74, 3, 8, 21, 1, 2, 1, 1, 5, 1, 2, 'dba', 'Polestar 2', 214900, '', '', '13.12.2020', 91000, 2021, NULL, '408 Hk', NULL, NULL, NULL, NULL, NULL, '2.100 kg', '1.500 kg', 5, NULL, NULL, NULL, '405 l', NULL, '78 kWh', '482 km', NULL, NULL, NULL, NULL, NULL, NULL, NULL, NULL, NULL, NULL, NULL),
(180, 23, 87, 1, 7, 12, 3, 3, 1, 1, 11, 1, 2, 'dba', 'Seat Ibiza', 39900, '', '', '01.04.2013', 163000, 2013, '1.198 l', '60 Hk', NULL, NULL, NULL, '125 g/km', NULL, '949 kg', '800 kg', 3, NULL, NULL, 'VSSZZZ6JZDR080463', NULL, NULL, NULL, NULL, NULL, NULL, NULL, NULL, NULL, NULL, NULL, NULL, NULL, NULL, NULL),
(181, 3, 12, 1, 1, 8, 3, 3, 1, 1, NULL, 1, 2, 'dba', 'Chevrolet Matiz', 5000, '', '', '22.03.2006', 252000, 2006, '0,8 l', '51 Hk', NULL, NULL, NULL, '119 g/km', NULL, '775 kg', NULL, 5, 5, NULL, 'KL1KF484J6C106162', NULL, NULL, NULL, NULL, NULL, NULL, NULL, NULL, '31.03.2026', '15.03.2024', NULL, NULL, NULL, NULL, NULL),
(182, 8, 25, 1, 8, 19, 3, 3, 1, 1, 2, 1, 2, 'dba', 'Fiat Panda', 49990, '', '', '09.01.2013', 89001, 2013, '875 l', '85 Hk', NULL, NULL, NULL, '97 g/km', NULL, '975 kg', '800 kg', 5, NULL, NULL, NULL, NULL, NULL, NULL, NULL, NULL, NULL, NULL, NULL, NULL, NULL, NULL, NULL, NULL, NULL, NULL),
(183, 24, 95, 2, 15, NULL, 3, 3, 1, 1, NULL, 1, 2, 'dba', 'Skoda Superb', 37500, '', '', '01.06.2011', 322000, 2011, '1.598 l', '105 Hk', NULL, NULL, NULL, '117 g/km', NULL, '1.446 kg', '1.500 kg', 5, NULL, NULL, 'TMBJJ73T6B9067183', NULL, NULL, NULL, NULL, NULL, NULL, NULL, NULL, NULL, NULL, NULL, NULL, NULL, NULL, NULL),
(184, 28, 105, 1, 7, 21, 3, 3, 1, 1, 9, 1, 2, 'dba', 'Toyota Corolla', 19800, '', '', '11.02.1994', 160000, 1994, '1.332 l', '88 Hk', NULL, NULL, NULL, '155 g/km', NULL, '986 kg', '1.200 kg', 3, NULL, NULL, 'JT152EEA100089206', NULL, NULL, NULL, NULL, NULL, NULL, NULL, NULL, NULL, NULL, NULL, NULL, NULL, NULL, NULL),
(185, 1, 2, 2, 8, 21, 1, 3, 1, 1, NULL, 1, 2, 'dba', 'Audi A3', 144900, '', '', '05.10.2017', 169000, 2018, '1.598 l', '116 Hk', NULL, NULL, NULL, '104 g/km', NULL, '1.360 kg', '1.500 kg', 5, NULL, NULL, 'WAUZZZ8V8JA025920', '380 l', NULL, NULL, NULL, NULL, NULL, NULL, NULL, NULL, NULL, NULL, NULL, NULL, NULL, NULL),
(186, 29, 118, 2, 15, 23, 3, 3, 1, 1, NULL, 1, 2, 'dba', 'VW Passat', 49500, '', '', '31.05.2011', 381000, 2011, '1,6 l', '105 Hk', NULL, NULL, NULL, NULL, NULL, '2.120 kg', NULL, 5, 5, NULL, NULL, NULL, NULL, NULL, NULL, NULL, NULL, NULL, NULL, NULL, '07.05.2025', NULL, NULL, NULL, NULL, NULL),
(187, 2, 9, 2, 13, NULL, 1, 1, 1, 1, NULL, 1, 2, 'dba', 'BMW 320d', 239000, '', '', '24.06.2019', 152000, 2019, '1.995 l', '190 Hk', NULL, NULL, NULL, '121 g/km', NULL, '1.430 kg', '1.600 kg', 4, NULL, NULL, 'WBA5V5107KAJ58588', '480 l', NULL, NULL, NULL, NULL, NULL, NULL, NULL, NULL, NULL, NULL, NULL, NULL, NULL, NULL),
(188, 29, 113, 2, 8, 21, 3, 3, 1, 1, 5, 1, 2, 'dba', 'VW Golf VII', 89800, '', '', '09.09.2014', 166000, 2015, '1.598 l', '105 Hk', NULL, NULL, NULL, '101 g/km', NULL, '1.295 kg', '1.500 kg', 5, NULL, NULL, 'WVWZZZAUZFW085120', NULL, NULL, NULL, NULL, NULL, NULL, NULL, NULL, NULL, NULL, NULL, NULL, NULL, NULL, NULL),
(189, 18, 60, 1, 1, 19, 3, 3, 1, 1, 11, 1, 2, 'dba', 'Opel Corsa', 21999, '', '', '26.10.2009', 188500, 2009, '1 l', '60 Hk', NULL, NULL, NULL, '128 g/km', NULL, '1.145 kg', '500 kg', 5, 5, NULL, 'W0L0SDL68A4035516', NULL, NULL, NULL, NULL, NULL, NULL, NULL, NULL, '31.12.2027', '01.12.2025', NULL, NULL, NULL, NULL, NULL),
(190, 16, 56, 1, 8, 8, 3, 3, 1, 1, NULL, 1, 2, 'dba', 'Mitsubishi Colt', 9000, '', '', '26.01.2006', 145000, 2006, '1,5 l', '109 Hk', NULL, NULL, NULL, '142 g/km', NULL, '965 kg', '1.000 kg', 5, 5, NULL, 'XMCXNZ36A5F067112', NULL, NULL, NULL, NULL, NULL, NULL, NULL, NULL, NULL, '15.01.2024', NULL, NULL, NULL, NULL, NULL),
(191, 8, 25, 1, 8, 23, 3, 3, 1, 1, NULL, 1, 2, 'dba', 'Fiat Panda', 39990, '', '', '09.01.2008', 81836, 2008, '1.242 l', '60 Hk', NULL, NULL, NULL, '129 g/km', NULL, '835 kg', '800 kg', 5, NULL, NULL, NULL, NULL, NULL, NULL, NULL, NULL, NULL, NULL, NULL, NULL, NULL, NULL, NULL, NULL, NULL, NULL),
(192, 28, 106, 1, 12, NULL, 3, 2, 1, 1, NULL, 1, 2, 'dba', 'Toyota RAV4', 29999, '', '', '24.01.1997', 370000, 1997, '1.998 l', '129 Hk', NULL, NULL, NULL, '217 g/km', NULL, '1.150 kg', '1.500 kg', 3, NULL, NULL, 'JT171SC1000141514', NULL, NULL, NULL, NULL, NULL, NULL, NULL, NULL, NULL, NULL, NULL, NULL, NULL, NULL, NULL),
(193, 22, 85, 1, 8, 12, 3, 1, 1, 1, NULL, 1, 2, 'dba', 'Renault Twingo', 32500, '', '', '05.12.2014', 82400, 2014, NULL, '70 Hk', NULL, NULL, NULL, '95 g/km', NULL, '1.360 kg', NULL, 5, 4, NULL, 'VF1AHB11551528551', NULL, NULL, NULL, NULL, NULL, NULL, NULL, NULL, NULL, '20.02.2024', NULL, NULL, NULL, NULL, NULL),
(194, 29, 118, 1, 13, 21, 3, 3, 1, 1, NULL, 1, 2, 'dba', 'VW Passat', 10000, '', '', '10.04.2006', 273000, 2006, NULL, '115 Hk', NULL, NULL, NULL, NULL, NULL, NULL, NULL, 4, 5, NULL, 'WVWZZZ3CZ6P096209', NULL, NULL, NULL, NULL, NULL, NULL, NULL, NULL, NULL, '02.06.2025', NULL, NULL, NULL, NULL, NULL),
(195, 22, 81, 2, 10, 8, 3, 3, 1, 1, 11, 1, 2, 'dba', 'Renault Grand Scenic III', 9999, '', '', '29.07.2011', 348000, 2011, '1.598 l', '130 Hk', NULL, NULL, NULL, '117 g/km', NULL, '1.609 kg', '1.300 kg', 5, NULL, NULL, NULL, NULL, NULL, NULL, NULL, NULL, NULL, NULL, NULL, NULL, NULL, NULL, NULL, NULL, NULL, NULL),
(196, 19, 69, 2, 8, 8, 3, 3, 1, 1, NULL, 1, 2, 'dba', 'Peugeot 207', 29995, '', '', '28.04.2010', 148000, 2010, '1.560 l', '90 Hk', NULL, NULL, NULL, '101 g/km', NULL, '1.279 kg', NULL, 5, NULL, NULL, 'VF3WC9HVLAW027118', NULL, NULL, NULL, NULL, NULL, NULL, NULL, NULL, NULL, NULL, NULL, NULL, NULL, NULL, NULL),
(197, 26, 101, 1, 8, 23, 1, 3, 1, 1, 9, 1, 2, 'dba', 'Suzuki Swift', 119900, '', '', '16.12.2019', 110000, 2019, '1.242 l', '90 Hk', NULL, NULL, NULL, '110 g/km', NULL, '988 kg', '1.000 kg', 5, NULL, NULL, NULL, '265 l', NULL, NULL, NULL, NULL, NULL, NULL, NULL, NULL, NULL, NULL, NULL, NULL, NULL, NULL),
(198, 22, 77, 5, 2, 19, 1, 3, 1, 1, 11, 1, 2, 'dba', 'Renault Captur', 114900, '', '', '04.12.2020', 83000, 2020, '1.598 l', '160 Hk', NULL, NULL, NULL, '33 g/km', NULL, '1.539 kg', '750 kg', 5, NULL, NULL, 'VF1RJB00866254625', '265 l', NULL, '9 kWh', '56 km', NULL, NULL, NULL, NULL, NULL, NULL, NULL, NULL, NULL, NULL, NULL),
(199, 22, 84, 3, 2, 21, 1, 3, 1, 1, 11, 1, 2, 'dba', 'Renault Scenic E-Tech', 294900, '', '', '26.11.2024', 21000, 2024, NULL, '220 Hk', NULL, NULL, NULL, NULL, NULL, '1.852 kg', '1.100 kg', 5, NULL, NULL, NULL, '545 l', NULL, '87 kWh', '625 km', NULL, NULL, NULL, NULL, NULL, NULL, NULL, NULL, NULL, NULL, NULL),
(200, 28, 107, 1, 1, 23, 3, 3, 1, 1, NULL, 1, 2, 'dba', 'Toyota Yaris', 15000, '', '', '18.10.2005', 185000, 2005, '1,3 l', '86 Hk', NULL, NULL, NULL, '128 g/km', NULL, '900 kg', '900 kg', 5, 5, NULL, 'VNKKL18350A218814', NULL, NULL, NULL, NULL, NULL, NULL, NULL, NULL, NULL, '01.12.2025', NULL, NULL, NULL, NULL, NULL);

INSERT INTO "CarImage" (car_id, image_url, id) VALUES
(1, 'https://i.imgur.com/Tey17ki.jpeg', 1),
(1, 'https://i.imgur.com/qSJAZb6.jpeg', 2),
(1, 'https://i.imgur.com/QOHlPLX.jpeg', 3),
(2, 'https://i.imgur.com/BoGce8z.jpeg', 4),
(3, 'https://i.imgur.com/b6o8Aa3.jpeg', 5),
(4, 'https://i.imgur.com/3Y9VWNv.jpeg', 6),
(5, 'https://i.imgur.com/Tey17ki.jpeg', 7),
(5, 'https://i.imgur.com/qSJAZb6.jpeg', 8),
(5, 'https://i.imgur.com/QOHlPLX.jpeg', 9),
(6, 'https://i.imgur.com/BoGce8z.jpeg', 10),
(7, 'https://i.imgur.com/b6o8Aa3.jpeg', 11),
(8, 'https://i.imgur.com/3Y9VWNv.jpeg', 12),
(9, 'https://i.imgur.com/Tey17ki.jpeg', 13),
(9, 'https://i.imgur.com/qSJAZb6.jpeg', 14),
(9, 'https://i.imgur.com/QOHlPLX.jpeg', 15),
(10, 'https://i.imgur.com/BoGce8z.jpeg', 16),
(11, 'https://i.imgur.com/b6o8Aa3.jpeg', 17),
(12, 'https://i.imgur.com/3Y9VWNv.jpeg', 18),
(13, 'https://i.imgur.com/Tey17ki.jpeg', 19),
(13, 'https://i.imgur.com/qSJAZb6.jpeg', 20),
(13, 'https://i.imgur.com/QOHlPLX.jpeg', 21),
(14, 'https://i.imgur.com/BoGce8z.jpeg', 22),
(15, 'https://i.imgur.com/b6o8Aa3.jpeg', 23),
(16, 'https://i.imgur.com/3Y9VWNv.jpeg', 24),
(17, 'https://i.imgur.com/Tey17ki.jpeg', 25),
(17, 'https://i.imgur.com/qSJAZb6.jpeg', 26),
(17, 'https://i.imgur.com/QOHlPLX.jpeg', 27),
(18, 'https://i.imgur.com/BoGce8z.jpeg', 28),
(19, 'https://i.imgur.com/b6o8Aa3.jpeg', 29),
(20, 'https://i.imgur.com/3Y9VWNv.jpeg', 30),
(21, 'https://i.imgur.com/Tey17ki.jpeg', 31),
(21, 'https://i.imgur.com/qSJAZb6.jpeg', 32),
(21, 'https://i.imgur.com/QOHlPLX.jpeg', 33),
(22, 'https://i.imgur.com/BoGce8z.jpeg', 34),
(23, 'https://i.imgur.com/b6o8Aa3.jpeg', 35),
(24, 'https://i.imgur.com/3Y9VWNv.jpeg', 36),
(25, 'https://i.imgur.com/Tey17ki.jpeg', 37),
(25, 'https://i.imgur.com/qSJAZb6.jpeg', 38),
(25, 'https://i.imgur.com/QOHlPLX.jpeg', 39),
(26, 'https://i.imgur.com/BoGce8z.jpeg', 40),
(27, 'https://i.imgur.com/b6o8Aa3.jpeg', 41),
(28, 'https://i.imgur.com/3Y9VWNv.jpeg', 42),
(29, 'https://i.imgur.com/Tey17ki.jpeg', 43),
(29, 'https://i.imgur.com/qSJAZb6.jpeg', 44),
(29, 'https://i.imgur.com/QOHlPLX.jpeg', 45),
(30, 'https://i.imgur.com/BoGce8z.jpeg', 46),
(31, 'https://i.imgur.com/b6o8Aa3.jpeg', 47),
(32, 'https://i.imgur.com/3Y9VWNv.jpeg', 48),
(33, 'https://i.imgur.com/Tey17ki.jpeg', 49),
(33, 'https://i.imgur.com/qSJAZb6.jpeg', 50),
(33, 'https://i.imgur.com/QOHlPLX.jpeg', 51),
(34, 'https://i.imgur.com/BoGce8z.jpeg', 52),
(35, 'https://i.imgur.com/b6o8Aa3.jpeg', 53),
(36, 'https://i.imgur.com/3Y9VWNv.jpeg', 54),
(37, 'https://i.imgur.com/Tey17ki.jpeg', 55),
(37, 'https://i.imgur.com/qSJAZb6.jpeg', 56),
(37, 'https://i.imgur.com/QOHlPLX.jpeg', 57),
(38, 'https://i.imgur.com/BoGce8z.jpeg', 58),
(39, 'https://i.imgur.com/b6o8Aa3.jpeg', 59),
(40, 'https://i.imgur.com/3Y9VWNv.jpeg', 60),
(41, 'https://i.imgur.com/Tey17ki.jpeg', 61),
(41, 'https://i.imgur.com/qSJAZb6.jpeg', 62),
(41, 'https://i.imgur.com/QOHlPLX.jpeg', 63),
(42, 'https://i.imgur.com/BoGce8z.jpeg', 64),
(43, 'https://i.imgur.com/b6o8Aa3.jpeg', 65),
(44, 'https://i.imgur.com/3Y9VWNv.jpeg', 66),
(45, 'https://i.imgur.com/Tey17ki.jpeg', 67),
(45, 'https://i.imgur.com/qSJAZb6.jpeg', 68),
(45, 'https://i.imgur.com/QOHlPLX.jpeg', 69),
(46, 'https://i.imgur.com/BoGce8z.jpeg', 70),
(47, 'https://i.imgur.com/b6o8Aa3.jpeg', 71),
(48, 'https://i.imgur.com/3Y9VWNv.jpeg', 72),
(49, 'https://i.imgur.com/Tey17ki.jpeg', 73),
(49, 'https://i.imgur.com/qSJAZb6.jpeg', 74),
(49, 'https://i.imgur.com/QOHlPLX.jpeg', 75),
(50, 'https://i.imgur.com/BoGce8z.jpeg', 76),
(51, 'https://i.imgur.com/b6o8Aa3.jpeg', 77),
(52, 'https://i.imgur.com/3Y9VWNv.jpeg', 78),
(53, 'https://i.imgur.com/Tey17ki.jpeg', 79),
(53, 'https://i.imgur.com/qSJAZb6.jpeg', 80),
(53, 'https://i.imgur.com/QOHlPLX.jpeg', 81),
(54, 'https://i.imgur.com/BoGce8z.jpeg', 82),
(55, 'https://i.imgur.com/b6o8Aa3.jpeg', 83),
(56, 'https://i.imgur.com/3Y9VWNv.jpeg', 84),
(57, 'https://i.imgur.com/Tey17ki.jpeg', 85),
(57, 'https://i.imgur.com/qSJAZb6.jpeg', 86),
(57, 'https://i.imgur.com/QOHlPLX.jpeg', 87),
(58, 'https://i.imgur.com/BoGce8z.jpeg', 88),
(59, 'https://i.imgur.com/b6o8Aa3.jpeg', 89),
(60, 'https://i.imgur.com/3Y9VWNv.jpeg', 90),
(61, 'https://i.imgur.com/Tey17ki.jpeg', 91),
(61, 'https://i.imgur.com/qSJAZb6.jpeg', 92),
(61, 'https://i.imgur.com/QOHlPLX.jpeg', 93),
(62, 'https://i.imgur.com/BoGce8z.jpeg', 94),
(63, 'https://i.imgur.com/b6o8Aa3.jpeg', 95),
(64, 'https://i.imgur.com/3Y9VWNv.jpeg', 96),
(65, 'https://i.imgur.com/Tey17ki.jpeg', 97),
(65, 'https://i.imgur.com/qSJAZb6.jpeg', 98),
(65, 'https://i.imgur.com/QOHlPLX.jpeg', 99),
(66, 'https://i.imgur.com/BoGce8z.jpeg', 100),
(67, 'https://i.imgur.com/b6o8Aa3.jpeg', 101),
(68, 'https://i.imgur.com/3Y9VWNv.jpeg', 102),
(69, 'https://i.imgur.com/Tey17ki.jpeg', 103),
(69, 'https://i.imgur.com/qSJAZb6.jpeg', 104),
(69, 'https://i.imgur.com/QOHlPLX.jpeg', 105),
(70, 'https://i.imgur.com/BoGce8z.jpeg', 106),
(71, 'https://i.imgur.com/b6o8Aa3.jpeg', 107),
(72, 'https://i.imgur.com/3Y9VWNv.jpeg', 108),
(73, 'https://i.imgur.com/Tey17ki.jpeg', 109),
(73, 'https://i.imgur.com/qSJAZb6.jpeg', 110),
(73, 'https://i.imgur.com/QOHlPLX.jpeg', 111),
(74, 'https://i.imgur.com/BoGce8z.jpeg', 112),
(75, 'https://i.imgur.com/b6o8Aa3.jpeg', 113),
(76, 'https://i.imgur.com/3Y9VWNv.jpeg', 114),
(77, 'https://i.imgur.com/Tey17ki.jpeg', 115),
(77, 'https://i.imgur.com/qSJAZb6.jpeg', 116),
(77, 'https://i.imgur.com/QOHlPLX.jpeg', 117),
(78, 'https://i.imgur.com/BoGce8z.jpeg', 118),
(79, 'https://i.imgur.com/b6o8Aa3.jpeg', 119),
(80, 'https://i.imgur.com/3Y9VWNv.jpeg', 120),
(81, 'https://i.imgur.com/Tey17ki.jpeg', 121),
(81, 'https://i.imgur.com/qSJAZb6.jpeg', 122),
(81, 'https://i.imgur.com/QOHlPLX.jpeg', 123),
(82, 'https://i.imgur.com/BoGce8z.jpeg', 124),
(83, 'https://i.imgur.com/b6o8Aa3.jpeg', 125),
(84, 'https://i.imgur.com/3Y9VWNv.jpeg', 126),
(85, 'https://i.imgur.com/Tey17ki.jpeg', 127),
(85, 'https://i.imgur.com/qSJAZb6.jpeg', 128),
(85, 'https://i.imgur.com/QOHlPLX.jpeg', 129),
(86, 'https://i.imgur.com/BoGce8z.jpeg', 130),
(87, 'https://i.imgur.com/b6o8Aa3.jpeg', 131),
(88, 'https://i.imgur.com/3Y9VWNv.jpeg', 132),
(89, 'https://i.imgur.com/Tey17ki.jpeg', 133),
(89, 'https://i.imgur.com/qSJAZb6.jpeg', 134),
(89, 'https://i.imgur.com/QOHlPLX.jpeg', 135),
(90, 'https://i.imgur.com/BoGce8z.jpeg', 136),
(91, 'https://i.imgur.com/b6o8Aa3.jpeg', 137),
(92, 'https://i.imgur.com/3Y9VWNv.jpeg', 138),
(93, 'https://i.imgur.com/Tey17ki.jpeg', 139),
(93, 'https://i.imgur.com/qSJAZb6.jpeg', 140),
(93, 'https://i.imgur.com/QOHlPLX.jpeg', 141),
(94, 'https://i.imgur.com/BoGce8z.jpeg', 142),
(95, 'https://i.imgur.com/b6o8Aa3.jpeg', 143),
(96, 'https://i.imgur.com/3Y9VWNv.jpeg', 144),
(97, 'https://i.imgur.com/Tey17ki.jpeg', 145),
(97, 'https://i.imgur.com/qSJAZb6.jpeg', 146),
(97, 'https://i.imgur.com/QOHlPLX.jpeg', 147),
(98, 'https://i.imgur.com/BoGce8z.jpeg', 148),
(99, 'https://i.imgur.com/b6o8Aa3.jpeg', 149),
(100, 'https://i.imgur.com/3Y9VWNv.jpeg', 150),
(101, 'https://i.imgur.com/Tey17ki.jpeg', 151),
(101, 'https://i.imgur.com/qSJAZb6.jpeg', 152),
(101, 'https://i.imgur.com/QOHlPLX.jpeg', 153),
(102, 'https://i.imgur.com/BoGce8z.jpeg', 154),
(103, 'https://i.imgur.com/b6o8Aa3.jpeg', 155),
(104, 'https://i.imgur.com/3Y9VWNv.jpeg', 156),
(105, 'https://i.imgur.com/Tey17ki.jpeg', 157),
(105, 'https://i.imgur.com/qSJAZb6.jpeg', 158),
(105, 'https://i.imgur.com/QOHlPLX.jpeg', 159),
(106, 'https://i.imgur.com/BoGce8z.jpeg', 160),
(107, 'https://i.imgur.com/b6o8Aa3.jpeg', 161),
(108, 'https://i.imgur.com/3Y9VWNv.jpeg', 162),
(109, 'https://i.imgur.com/Tey17ki.jpeg', 163),
(109, 'https://i.imgur.com/qSJAZb6.jpeg', 164),
(109, 'https://i.imgur.com/QOHlPLX.jpeg', 165),
(110, 'https://i.imgur.com/BoGce8z.jpeg', 166),
(111, 'https://i.imgur.com/b6o8Aa3.jpeg', 167),
(112, 'https://i.imgur.com/3Y9VWNv.jpeg', 168),
(113, 'https://i.imgur.com/Tey17ki.jpeg', 169),
(113, 'https://i.imgur.com/qSJAZb6.jpeg', 170),
(113, 'https://i.imgur.com/QOHlPLX.jpeg', 171),
(114, 'https://i.imgur.com/BoGce8z.jpeg', 172),
(115, 'https://i.imgur.com/b6o8Aa3.jpeg', 173),
(116, 'https://i.imgur.com/3Y9VWNv.jpeg', 174),
(117, 'https://i.imgur.com/Tey17ki.jpeg', 175),
(117, 'https://i.imgur.com/qSJAZb6.jpeg', 176),
(117, 'https://i.imgur.com/QOHlPLX.jpeg', 177),
(118, 'https://i.imgur.com/BoGce8z.jpeg', 178),
(119, 'https://i.imgur.com/b6o8Aa3.jpeg', 179),
(120, 'https://i.imgur.com/3Y9VWNv.jpeg', 180),
(121, 'https://i.imgur.com/Tey17ki.jpeg', 181),
(121, 'https://i.imgur.com/qSJAZb6.jpeg', 182),
(121, 'https://i.imgur.com/QOHlPLX.jpeg', 183),
(122, 'https://i.imgur.com/BoGce8z.jpeg', 184),
(123, 'https://i.imgur.com/b6o8Aa3.jpeg', 185),
(124, 'https://i.imgur.com/3Y9VWNv.jpeg', 186),
(125, 'https://i.imgur.com/Tey17ki.jpeg', 187),
(125, 'https://i.imgur.com/qSJAZb6.jpeg', 188),
(125, 'https://i.imgur.com/QOHlPLX.jpeg', 189),
(126, 'https://i.imgur.com/BoGce8z.jpeg', 190),
(127, 'https://i.imgur.com/b6o8Aa3.jpeg', 191),
(128, 'https://i.imgur.com/3Y9VWNv.jpeg', 192),
(129, 'https://i.imgur.com/Tey17ki.jpeg', 193),
(129, 'https://i.imgur.com/qSJAZb6.jpeg', 194),
(129, 'https://i.imgur.com/QOHlPLX.jpeg', 195),
(130, 'https://i.imgur.com/BoGce8z.jpeg', 196),
(131, 'https://i.imgur.com/b6o8Aa3.jpeg', 197),
(132, 'https://i.imgur.com/3Y9VWNv.jpeg', 198),
(133, 'https://i.imgur.com/Tey17ki.jpeg', 199),
(133, 'https://i.imgur.com/qSJAZb6.jpeg', 200),
(133, 'https://i.imgur.com/QOHlPLX.jpeg', 201),
(134, 'https://i.imgur.com/BoGce8z.jpeg', 202),
(135, 'https://i.imgur.com/b6o8Aa3.jpeg', 203),
(136, 'https://i.imgur.com/3Y9VWNv.jpeg', 204),
(137, 'https://i.imgur.com/Tey17ki.jpeg', 205),
(137, 'https://i.imgur.com/qSJAZb6.jpeg', 206),
(137, 'https://i.imgur.com/QOHlPLX.jpeg', 207),
(138, 'https://i.imgur.com/BoGce8z.jpeg', 208),
(139, 'https://i.imgur.com/b6o8Aa3.jpeg', 209),
(140, 'https://i.imgur.com/3Y9VWNv.jpeg', 210),
(141, 'https://i.imgur.com/Tey17ki.jpeg', 211),
(141, 'https://i.imgur.com/qSJAZb6.jpeg', 212),
(141, 'https://i.imgur.com/QOHlPLX.jpeg', 213),
(142, 'https://i.imgur.com/BoGce8z.jpeg', 214),
(143, 'https://i.imgur.com/b6o8Aa3.jpeg', 215),
(144, 'https://i.imgur.com/3Y9VWNv.jpeg', 216),
(145, 'https://i.imgur.com/Tey17ki.jpeg', 217),
(145, 'https://i.imgur.com/qSJAZb6.jpeg', 218),
(145, 'https://i.imgur.com/QOHlPLX.jpeg', 219),
(146, 'https://i.imgur.com/BoGce8z.jpeg', 220),
(147, 'https://i.imgur.com/b6o8Aa3.jpeg', 221),
(148, 'https://i.imgur.com/3Y9VWNv.jpeg', 222),
(149, 'https://i.imgur.com/Tey17ki.jpeg', 223),
(149, 'https://i.imgur.com/qSJAZb6.jpeg', 224),
(149, 'https://i.imgur.com/QOHlPLX.jpeg', 225),
(150, 'https://i.imgur.com/BoGce8z.jpeg', 226),
(151, 'https://i.imgur.com/b6o8Aa3.jpeg', 227),
(152, 'https://i.imgur.com/3Y9VWNv.jpeg', 228),
(153, 'https://i.imgur.com/Tey17ki.jpeg', 229),
(153, 'https://i.imgur.com/qSJAZb6.jpeg', 230),
(153, 'https://i.imgur.com/QOHlPLX.jpeg', 231),
(154, 'https://i.imgur.com/BoGce8z.jpeg', 232),
(155, 'https://i.imgur.com/b6o8Aa3.jpeg', 233),
(156, 'https://i.imgur.com/3Y9VWNv.jpeg', 234),
(157, 'https://i.imgur.com/Tey17ki.jpeg', 235),
(157, 'https://i.imgur.com/qSJAZb6.jpeg', 236),
(157, 'https://i.imgur.com/QOHlPLX.jpeg', 237),
(158, 'https://i.imgur.com/BoGce8z.jpeg', 238),
(159, 'https://i.imgur.com/b6o8Aa3.jpeg', 239),
(160, 'https://i.imgur.com/3Y9VWNv.jpeg', 240),
(161, 'https://i.imgur.com/Tey17ki.jpeg', 241),
(161, 'https://i.imgur.com/qSJAZb6.jpeg', 242),
(161, 'https://i.imgur.com/QOHlPLX.jpeg', 243),
(162, 'https://i.imgur.com/BoGce8z.jpeg', 244),
(163, 'https://i.imgur.com/b6o8Aa3.jpeg', 245),
(164, 'https://i.imgur.com/3Y9VWNv.jpeg', 246),
(165, 'https://i.imgur.com/Tey17ki.jpeg', 247),
(165, 'https://i.imgur.com/qSJAZb6.jpeg', 248),
(165, 'https://i.imgur.com/QOHlPLX.jpeg', 249),
(166, 'https://i.imgur.com/BoGce8z.jpeg', 250),
(167, 'https://i.imgur.com/b6o8Aa3.jpeg', 251),
(168, 'https://i.imgur.com/3Y9VWNv.jpeg', 252),
(169, 'https://i.imgur.com/Tey17ki.jpeg', 253),
(169, 'https://i.imgur.com/qSJAZb6.jpeg', 254),
(169, 'https://i.imgur.com/QOHlPLX.jpeg', 255),
(170, 'https://i.imgur.com/BoGce8z.jpeg', 256),
(171, 'https://i.imgur.com/b6o8Aa3.jpeg', 257),
(172, 'https://i.imgur.com/3Y9VWNv.jpeg', 258),
(173, 'https://i.imgur.com/Tey17ki.jpeg', 259),
(173, 'https://i.imgur.com/qSJAZb6.jpeg', 260),
(173, 'https://i.imgur.com/QOHlPLX.jpeg', 261),
(174, 'https://i.imgur.com/BoGce8z.jpeg', 262),
(175, 'https://i.imgur.com/b6o8Aa3.jpeg', 263),
(176, 'https://i.imgur.com/3Y9VWNv.jpeg', 264),
(177, 'https://i.imgur.com/Tey17ki.jpeg', 265),
(177, 'https://i.imgur.com/qSJAZb6.jpeg', 266),
(177, 'https://i.imgur.com/QOHlPLX.jpeg', 267),
(178, 'https://i.imgur.com/BoGce8z.jpeg', 268),
(179, 'https://i.imgur.com/b6o8Aa3.jpeg', 269),
(180, 'https://i.imgur.com/3Y9VWNv.jpeg', 270),
(181, 'https://i.imgur.com/Tey17ki.jpeg', 271),
(181, 'https://i.imgur.com/qSJAZb6.jpeg', 272),
(181, 'https://i.imgur.com/QOHlPLX.jpeg', 273),
(182, 'https://i.imgur.com/BoGce8z.jpeg', 274),
(183, 'https://i.imgur.com/b6o8Aa3.jpeg', 275),
(184, 'https://i.imgur.com/3Y9VWNv.jpeg', 276),
(185, 'https://i.imgur.com/Tey17ki.jpeg', 277),
(185, 'https://i.imgur.com/qSJAZb6.jpeg', 278),
(185, 'https://i.imgur.com/QOHlPLX.jpeg', 279),
(186, 'https://i.imgur.com/BoGce8z.jpeg', 280),
(187, 'https://i.imgur.com/b6o8Aa3.jpeg', 281),
(188, 'https://i.imgur.com/3Y9VWNv.jpeg', 282),
(189, 'https://i.imgur.com/Tey17ki.jpeg', 283),
(189, 'https://i.imgur.com/qSJAZb6.jpeg', 284),
(189, 'https://i.imgur.com/QOHlPLX.jpeg', 285),
(190, 'https://i.imgur.com/BoGce8z.jpeg', 286),
(191, 'https://i.imgur.com/b6o8Aa3.jpeg', 287),
(192, 'https://i.imgur.com/3Y9VWNv.jpeg', 288),
(193, 'https://i.imgur.com/Tey17ki.jpeg', 289),
(193, 'https://i.imgur.com/qSJAZb6.jpeg', 290),
(193, 'https://i.imgur.com/QOHlPLX.jpeg', 291),
(194, 'https://i.imgur.com/BoGce8z.jpeg', 292),
(195, 'https://i.imgur.com/b6o8Aa3.jpeg', 293),
(196, 'https://i.imgur.com/3Y9VWNv.jpeg', 294),
(197, 'https://i.imgur.com/Tey17ki.jpeg', 295),
(197, 'https://i.imgur.com/qSJAZb6.jpeg', 296),
(197, 'https://i.imgur.com/QOHlPLX.jpeg', 297),
(198, 'https://i.imgur.com/BoGce8z.jpeg', 298),
(199, 'https://i.imgur.com/b6o8Aa3.jpeg', 299),
(200, 'https://i.imgur.com/3Y9VWNv.jpeg', 300);



INSERT INTO "CarFeature" (car_id, feature_id) VALUES
(44, 1),
(90, 1),
(17, 2),
(27, 2),
(36, 2),
(46, 2),
(54, 2),
(59, 2),
(62, 2),
(69, 2),
(75, 2),
(16, 3),
(18, 3),
(29, 3),
(30, 3),
(40, 3),
(44, 3),
(45, 3),
(50, 3),
(61, 3),
(71, 3),
(95, 3),
(4, 4),
(42, 4),
(53, 4),
(55, 4),
(68, 4),
(73, 4),
(74, 4),
(99, 4),
(10, 5),
(24, 5),
(97, 5),
(12, 6),
(13, 6),
(22, 6),
(23, 6),
(26, 6),
(41, 6),
(47, 6),
(49, 6),
(52, 6),
(56, 6),
(58, 6),
(64, 6),
(81, 6),
(83, 6),
(86, 6),
(91, 6),
(96, 6),
(4, 7),
(6, 7),
(7, 7),
(10, 7),
(12, 7),
(13, 7),
(14, 7),
(15, 7),
(16, 7),
(19, 7),
(21, 7),
(23, 7),
(24, 7),
(29, 7),
(32, 7),
(40, 7),
(42, 7),
(45, 7),
(46, 7),
(47, 7),
(50, 7),
(51, 7),
(52, 7),
(56, 7),
(65, 7),
(70, 7),
(72, 7),
(73, 7),
(76, 7),
(80, 7),
(81, 7),
(82, 7),
(83, 7),
(84, 7),
(86, 7),
(89, 7),
(92, 7),
(95, 7),
(96, 7),
(97, 7),
(6, 8),
(66, 8),
(70, 8),
(78, 8),
(79, 8),
(82, 8),
(84, 8),
(89, 8),
(1, 9),
(85, 9),
(90, 9),
(9, 10),
(71, 10),
(74, 10),
(1, 11),
(15, 11),
(26, 11),
(51, 11),
(56, 11),
(58, 11),
(64, 11),
(68, 11),
(70, 11),
(71, 11),
(79, 11),
(80, 11),
(81, 11),
(86, 11),
(91, 11),
(1, 12),
(6, 12),
(7, 12),
(23, 12),
(32, 12),
(49, 12),
(51, 12),
(66, 12),
(70, 12),
(72, 12),
(78, 12),
(80, 12),
(83, 12),
(89, 12),
(90, 12),
(91, 12),
(27, 13),
(39, 13),
(95, 13),
(48, 14),
(51, 14),
(90, 14),
(3, 15),
(4, 15),
(5, 15),
(6, 15),
(7, 15),
(10, 15),
(11, 15),
(12, 15),
(13, 15),
(14, 15),
(15, 15),
(16, 15),
(19, 15),
(20, 15),
(21, 15),
(22, 15),
(23, 15),
(24, 15),
(26, 15),
(28, 15),
(29, 15),
(30, 15),
(32, 15),
(38, 15),
(41, 15),
(42, 15),
(44, 15),
(45, 15),
(47, 15),
(48, 15),
(49, 15),
(50, 15),
(51, 15),
(52, 15),
(54, 15),
(55, 15),
(56, 15),
(58, 15),
(61, 15),
(62, 15),
(64, 15),
(66, 15),
(70, 15),
(71, 15),
(72, 15),
(73, 15),
(74, 15),
(75, 15),
(76, 15),
(78, 15),
(79, 15),
(80, 15),
(81, 15),
(83, 15),
(84, 15),
(86, 15),
(87, 15),
(89, 15),
(90, 15),
(91, 15),
(92, 15),
(95, 15),
(96, 15),
(99, 15),
(4, 16),
(11, 16),
(12, 16),
(16, 16),
(22, 16),
(24, 16),
(28, 16),
(29, 16),
(40, 16),
(41, 16),
(42, 16),
(45, 16),
(47, 16),
(54, 16),
(61, 16),
(69, 16),
(75, 16),
(91, 16),
(95, 16),
(12, 17),
(68, 17),
(37, 18),
(77, 18),
(95, 18),
(6, 19),
(21, 19),
(71, 19),
(26, 20),
(32, 20),
(59, 20),
(14, 21),
(52, 21),
(97, 21),
(1, 22),
(2, 22),
(3, 22),
(4, 22),
(5, 22),
(6, 22),
(7, 22),
(8, 22),
(9, 22),
(10, 22),
(11, 22),
(12, 22),
(13, 22),
(14, 22),
(15, 22),
(17, 22),
(18, 22),
(19, 22),
(20, 22),
(21, 22),
(22, 22),
(23, 22),
(24, 22),
(25, 22),
(27, 22),
(28, 22),
(29, 22),
(30, 22),
(31, 22),
(33, 22),
(34, 22),
(35, 22),
(36, 22),
(37, 22),
(38, 22),
(39, 22),
(40, 22),
(41, 22),
(42, 22),
(43, 22),
(44, 22),
(45, 22),
(46, 22),
(47, 22),
(48, 22),
(49, 22),
(50, 22),
(52, 22),
(53, 22),
(54, 22),
(55, 22),
(56, 22),
(57, 22),
(58, 22),
(59, 22),
(60, 22),
(61, 22),
(62, 22),
(63, 22),
(64, 22),
(65, 22),
(66, 22),
(67, 22),
(68, 22),
(69, 22),
(70, 22),
(71, 22),
(72, 22),
(73, 22),
(74, 22),
(75, 22),
(76, 22),
(77, 22),
(78, 22),
(79, 22),
(80, 22),
(81, 22),
(82, 22),
(83, 22),
(84, 22),
(85, 22),
(86, 22),
(87, 22),
(89, 22),
(90, 22),
(91, 22),
(92, 22),
(93, 22),
(94, 22),
(96, 22),
(97, 22),
(98, 22),
(99, 22),
(100, 22),
(2, 23),
(39, 23),
(57, 23),
(77, 23),
(94, 23),
(1, 24),
(5, 24),
(7, 24),
(10, 24),
(13, 24),
(15, 24),
(16, 24),
(19, 24),
(23, 24),
(26, 24),
(32, 24),
(38, 24),
(41, 24),
(45, 24),
(47, 24),
(48, 24),
(49, 24),
(55, 24),
(56, 24),
(58, 24),
(64, 24),
(66, 24),
(72, 24),
(73, 24),
(76, 24),
(78, 24),
(79, 24),
(80, 24),
(81, 24),
(82, 24),
(83, 24),
(84, 24),
(85, 24),
(86, 24),
(89, 24),
(96, 24),
(97, 24),
(99, 24),
(1, 25),
(10, 25),
(13, 25),
(26, 25),
(32, 25),
(48, 25),
(52, 25),
(66, 25),
(73, 25),
(84, 25),
(85, 25),
(96, 25),
(15, 26),
(48, 26),
(82, 26),
(2, 27),
(4, 27),
(5, 27),
(8, 27),
(11, 27),
(17, 27),
(18, 27),
(19, 27),
(20, 27),
(21, 27),
(27, 27),
(28, 27),
(34, 27),
(36, 27),
(37, 27),
(39, 27),
(40, 27),
(43, 27),
(46, 27),
(53, 27),
(54, 27),
(57, 27),
(59, 27),
(62, 27),
(74, 27),
(78, 27),
(99, 27),
(7, 28),
(8, 28),
(9, 28),
(11, 28),
(18, 28),
(19, 28),
(21, 28),
(28, 28),
(29, 28),
(30, 28),
(34, 28),
(36, 28),
(38, 28),
(39, 28),
(46, 28),
(49, 28),
(50, 28),
(53, 28),
(55, 28),
(57, 28),
(62, 28),
(64, 28),
(65, 28),
(68, 28),
(72, 28),
(74, 28),
(76, 28),
(79, 28),
(87, 28),
(94, 28),
(99, 28),
(36, 29),
(61, 30),
(2, 31),
(3, 31),
(5, 31),
(9, 31),
(14, 31),
(16, 31),
(17, 31),
(18, 31),
(20, 31),
(22, 31),
(27, 31),
(28, 31),
(30, 31),
(34, 31),
(36, 31),
(40, 31),
(41, 31),
(42, 31),
(43, 31),
(44, 31),
(46, 31),
(50, 31),
(53, 31),
(54, 31),
(58, 31),
(59, 31),
(61, 31),
(62, 31),
(68, 31),
(69, 31),
(75, 31),
(76, 31),
(85, 31),
(87, 31),
(94, 31),
(98, 31),
(9, 32),
(14, 32),
(69, 32),
(8, 33),
(22, 33),
(75, 33),
(85, 33),
(87, 33),
(8, 34),
(92, 35),
(92, 37),
(5, 38),
(34, 38),
(38, 38);

INSERT INTO "CarFeature" (car_id, feature_id) VALUES
(77, 38),
(94, 38),
(37, 39),
(43, 39),
(65, 39),
(98, 39),
(24, 40),
(55, 40),
(97, 40),
(77, 41),
(98, 41),
(101, 42),
(102, 42),
(103, 42),
(104, 42),
(105, 42),
(106, 42),
(107, 42),
(108, 42),
(109, 42),
(110, 42),
(111, 42),
(113, 42),
(114, 42),
(115, 42),
(116, 42),
(117, 42),
(118, 42),
(119, 42),
(120, 42),
(121, 42),
(122, 42),
(123, 42),
(124, 42),
(125, 42),
(126, 42),
(127, 42),
(128, 42),
(129, 42),
(131, 42),
(132, 42),
(133, 42),
(134, 42),
(135, 42),
(136, 42),
(137, 42),
(139, 42),
(140, 42),
(141, 42),
(142, 42),
(143, 42),
(144, 42),
(145, 42),
(147, 42),
(148, 42),
(149, 42),
(150, 42),
(151, 42),
(152, 42),
(153, 42),
(154, 42),
(155, 42),
(156, 42),
(157, 42),
(158, 42),
(159, 42),
(160, 42),
(161, 42),
(162, 42),
(163, 42),
(164, 42),
(165, 42),
(167, 42),
(168, 42),
(169, 42),
(170, 42),
(172, 42),
(173, 42),
(175, 42),
(177, 42),
(178, 42),
(180, 42),
(181, 42),
(183, 42),
(184, 42),
(185, 42),
(187, 42),
(188, 42),
(189, 42),
(190, 42),
(192, 42),
(193, 42),
(194, 42),
(196, 42),
(198, 42),
(9, 43),
(11, 43),
(17, 43),
(18, 43),
(20, 43),
(27, 43),
(30, 43),
(34, 43),
(37, 43),
(38, 43),
(43, 43),
(44, 43),
(53, 43),
(57, 43),
(59, 43),
(65, 43),
(69, 43),
(77, 43),
(87, 43),
(94, 43);

-- ============================================================================
-- FIX NULL VALUES IN CRITICAL FIELDS
-- ============================================================================

-- Fix transmission for electric cars (should be Automatisk = id 1)
UPDATE "Car" SET transmission_type_id = 1 WHERE id IN (1, 6, 7, 12, 13, 22, 23, 29, 30, 31, 32, 47, 48, 49, 52, 55, 56, 61, 64, 66, 68, 69, 70, 72, 73, 77, 78, 80, 81, 83, 84, 85, 86, 87, 89, 90, 91, 96, 100);

-- Fix drivetrains based on name patterns
-- AWD/4WD cars (quattro, xDrive, AWD, 4WD, ALL4, dual motor, etc.)
UPDATE "Car" SET drivetrain_id = 2 WHERE id IN (1, 12, 24, 32, 48, 51, 83, 90, 93, 96);

-- RWD cars
UPDATE "Car" SET drivetrain_id = 1 WHERE id IN (72);

-- FWD cars (default for most European market cars)
UPDATE "Car" SET drivetrain_id = 3 WHERE id IN (2, 3, 4, 5, 6, 7, 8, 9, 10, 11, 13, 14, 15, 16, 17, 18, 19, 20, 21, 22);
UPDATE "Car" SET drivetrain_id = 3 WHERE id IN (23, 25, 26, 27, 28, 29, 30, 31, 33, 34, 35, 36, 37, 38, 39, 40, 41, 42, 43, 44);
UPDATE "Car" SET drivetrain_id = 3 WHERE id IN (45, 46, 47, 49, 50, 52, 53, 54, 55, 56, 57, 58, 59, 60, 61, 62, 63, 64, 65, 66);
UPDATE "Car" SET drivetrain_id = 3 WHERE id IN (67, 68, 69, 70, 71, 73, 74, 75, 76, 77, 78, 79, 80, 81, 82, 84, 85, 86, 87, 88);
UPDATE "Car" SET drivetrain_id = 3 WHERE id IN (89, 91, 92, 94, 95, 97, 98, 99, 100);

-- Fix Polestar cars (make_id should be 20)
UPDATE "Car" SET make_id = 20 WHERE id IN (7, 12, 49, 66, 89);
UPDATE "Car" SET model_id = 74 WHERE id IN (7, 12, 49, 89);

-- Add Polestar 4 model (insert with specific ID to avoid conflicts)
INSERT INTO "Model" (make_id, model, id) VALUES (20, '4', 136) ON CONFLICT (id) DO NOTHING;
UPDATE "Car" SET model_id = 136 WHERE name LIKE '%Polestar 4%' AND model_id IS NULL;

-- Fix MINI Countryman cars
UPDATE "Car" SET make_id = 13 WHERE name LIKE '%MINI Countryman%';
-- Add MINI Countryman Cooper SE model (insert with specific ID to avoid conflicts)
INSERT INTO "Model" (make_id, model, id) VALUES (13, 'Countryman Cooper SE', 137) ON CONFLICT (id) DO NOTHING;
UPDATE "Car" SET model_id = 137 WHERE name LIKE '%MINI Countryman%' AND model_id IS NULL;

-- Fix Peugeot missing models
INSERT INTO "Model" (make_id, model, id) VALUES (19, '108', 134) ON CONFLICT DO NOTHING;
UPDATE "Car" SET model_id = 134 WHERE id IN (75);
INSERT INTO "Model" (make_id, model, id) VALUES (19, '2008', 132) ON CONFLICT DO NOTHING;
UPDATE "Car" SET model_id = 132 WHERE id IN (18);
INSERT INTO "Model" (make_id, model, id) VALUES (19, '3008', 133) ON CONFLICT DO NOTHING;
UPDATE "Car" SET model_id = 133 WHERE id IN (26, 88);

-- Fix remaining NULL model_id values
UPDATE "Car" SET model_id = 71 WHERE id = 50; -- Peugeot 307 2,0 T6 Griffe SW 5d
UPDATE "Car" SET model_id = 70 WHERE id = 59; -- Peugeot 208 1,4 HDi 68 Active 5d
INSERT INTO "Model" (make_id, model, id) VALUES (21, '911', 135) ON CONFLICT DO NOTHING; -- Porsche 911
UPDATE "Car" SET model_id = 135 WHERE id = 82; -- Porsche 911 Turbo S 3,8 Coupé PDK 2d
UPDATE "Car" SET model_id = (SELECT id FROM "Model" WHERE make_id = 20 AND model = '4' LIMIT 1) WHERE id = 66; -- Polestar 4 Long Range 5d
UPDATE "Car" SET model_id = (SELECT id FROM "Model" WHERE make_id = 13 AND model LIKE '%Countryman%' LIMIT 1) WHERE id = 24; -- MINI Countryman Cooper SE 1,5 JC Works aut. ALL4 5d
